Date,Open,High,Low,Close,Adj Close,Volume,60_MA,60ma,extent_of_fall
2022-02-08,227.0,271.25,227.0,268.25,268.25,135533461,,,
2022-02-09,273.6499938964844,321.8999938964844,272.0,321.8999938964844,321.8999938964844,70655011,,,
2022-02-10,356.70001220703125,386.25,345.0,386.25,386.25,56509643,,,
2022-02-11,408.7000122070313,419.8999938964844,351.25,381.0,381.0,88580117,,,
2022-02-14,364.2000122070313,398.8999938964844,352.1000061035156,376.2999877929688,376.2999877929688,43047644,,,
2022-02-15,394.7000122070313,405.0,378.7999877929688,383.8500061035156,383.8500061035156,17777133,,,
2022-02-16,390.0,392.9500122070313,375.2000122070313,377.0499877929688,377.0499877929688,11831948,,,
2022-02-17,382.0,382.8999938964844,356.3500061035156,359.79998779296875,359.79998779296875,10520787,,,
2022-02-18,352.6000061035156,370.0,351.1499938964844,354.29998779296875,354.29998779296875,10072444,,,
2022-02-21,351.8999938964844,356.6000061035156,325.20001220703125,327.6000061035156,327.6000061035156,14932711,,,
2022-02-22,308.6000061035156,323.6000061035156,305.0,314.29998779296875,314.29998779296875,13158494,,,
2022-02-23,326.0,345.70001220703125,323.0,345.04998779296875,345.04998779296875,9030118,,,
2022-02-24,324.1000061035156,365.3999938964844,322.1499938964844,332.95001220703125,332.95001220703125,27347337,,,
2022-02-25,358.6499938964844,366.2000122070313,350.5,366.1000061035156,366.1000061035156,18895946,,,
2022-02-28,367.1000061035156,395.8999938964844,367.0499877929688,379.3500061035156,379.3500061035156,23433903,379.3500061035156,,
2022-03-02,381.4500122070313,393.0,376.1000061035156,382.2999877929688,382.2999877929688,13334439,379.3500061035156,,
2022-03-03,392.0,395.0,378.0,380.25,380.25,8165851,379.3500061035156,,
2022-03-04,376.25,378.9500122070313,359.1000061035156,360.7999877929688,360.7999877929688,8905308,379.3500061035156,,
2022-03-07,346.0,351.0,337.25,340.79998779296875,340.79998779296875,9228324,379.3500061035156,,
2022-03-08,347.0,357.79998779296875,338.29998779296875,342.79998779296875,342.79998779296875,9620159,379.3500061035156,,
2022-03-09,347.6000061035156,351.54998779296875,339.25,340.3999938964844,340.3999938964844,8115674,379.3500061035156,,
2022-03-10,350.0,354.0,342.04998779296875,343.3999938964844,343.3999938964844,6619860,379.3500061035156,,
2022-03-11,343.8999938964844,358.79998779296875,338.0,344.20001220703125,344.20001220703125,10801113,379.3500061035156,,
2022-03-14,345.54998779296875,347.3500061035156,340.29998779296875,341.1000061035156,341.1000061035156,3889204,379.3500061035156,,
2022-03-15,343.5,355.0,338.45001220703125,340.25,340.25,8759343,379.3500061035156,,
2022-03-16,350.0,351.95001220703125,342.1000061035156,346.25,346.25,4512997,379.3500061035156,,
2022-03-17,350.0,380.8500061035156,348.1000061035156,379.7999877929688,379.7999877929688,31782591,379.3500061035156,,
2022-03-21,390.0,398.75,382.2999877929688,391.25,391.25,19955446,379.3500061035156,,
2022-03-22,394.4500122070313,397.7000122070313,387.0,393.1000061035156,393.1000061035156,9561082,379.3500061035156,,
2022-03-23,393.7999877929688,419.2999877929688,390.1499938964844,397.25,397.25,30739072,379.3500061035156,,
2022-03-24,397.0,414.7000122070313,395.0499877929688,407.1000061035156,407.1000061035156,11671061,379.3500061035156,,
2022-03-25,414.0,423.8999938964844,410.0,419.25,419.25,17327956,379.3500061035156,,
2022-03-28,424.8999938964844,461.1499938964844,424.0499877929688,461.0,461.0,29209300,379.3500061035156,,
2022-03-29,474.3999938964844,507.0,474.0,499.9500122070313,499.9500122070313,37794382,379.3500061035156,,
2022-03-30,508.7000122070313,514.0,480.1499938964844,492.2999877929688,492.2999877929688,25219865,379.3500061035156,,
2022-03-31,493.2999877929688,516.9000244140625,493.0,516.9000244140625,516.9000244140625,17742646,516.9000244140625,,
2022-04-01,526.0,542.7000122070312,521.0,542.7000122070312,542.7000122070312,18150045,516.9000244140625,,
2022-04-04,560.0,569.7999877929688,522.75,552.3499755859375,552.3499755859375,31396534,516.9000244140625,,
2022-04-05,559.9500122070312,579.9500122070312,553.5,579.9500122070312,579.9500122070312,14412302,516.9000244140625,,
2022-04-06,596.4000244140625,608.9000244140625,590.0,608.9000244140625,608.9000244140625,9965188,516.9000244140625,,
2022-04-07,639.2999877929688,639.2999877929688,578.5,578.5,578.5,10867407,516.9000244140625,,
2022-04-08,549.5999755859375,549.5999755859375,549.5999755859375,549.5999755859375,549.5999755859375,2282751,516.9000244140625,,
2022-04-11,550.0999755859375,577.0499877929688,550.0999755859375,577.0499877929688,577.0499877929688,5734232,516.9000244140625,,
2022-04-12,603.5,605.9000244140625,572.0,605.9000244140625,605.9000244140625,22706296,516.9000244140625,,
2022-04-13,622.9000244140625,636.1500244140625,606.0999755859375,636.1500244140625,636.1500244140625,16821307,516.9000244140625,,
2022-04-18,637.0,667.9500122070312,622.5999755859375,667.9500122070312,667.9500122070312,19453143,516.9000244140625,,
2022-04-19,690.5499877929688,701.2999877929688,651.5499877929688,677.9000244140625,677.9000244140625,25254020,516.9000244140625,,
2022-04-20,703.4000244140625,709.0,655.0,667.9000244140625,667.9000244140625,23058972,516.9000244140625,,
2022-04-21,679.0,701.25,667.25,699.7000122070312,699.7000122070312,17843608,516.9000244140625,,
2022-04-22,706.25,732.0,706.25,728.5499877929688,728.5499877929688,19690115,516.9000244140625,,
2022-04-25,743.0,764.9500122070312,736.5999755859375,764.9500122070312,764.9500122070312,21441429,516.9000244140625,,
2022-04-26,799.0,803.1500244140625,787.0,803.1500244140625,803.1500244140625,9075524,516.9000244140625,,
2022-04-27,832.2999877929688,843.2999877929688,776.5999755859375,841.0,841.0,37860816,516.9000244140625,,
2022-04-28,860.0,878.0,798.9500122070312,798.9500122070312,798.9500122070312,29004435,516.9000244140625,,
2022-04-29,785.0,834.1500244140625,759.0499877929688,780.4000244140625,780.4000244140625,32673177,516.9000244140625,,
2022-05-02,758.0,783.0,748.2000122070312,753.5999755859375,753.5999755859375,11750710,780.4000244140625,,
2022-05-04,745.0,771.8499755859375,715.9500122070312,715.9500122070312,715.9500122070312,12572099,780.4000244140625,,
2022-05-05,681.0,694.4500122070312,680.2000122070312,680.2000122070312,680.2000122070312,1088061,780.4000244140625,,
2022-05-06,646.2000122070312,660.0,646.2000122070312,646.2000122070312,646.2000122070312,2695071,780.4000244140625,,
2022-05-09,613.9000244140625,613.9000244140625,613.9000244140625,613.9000244140625,613.9000244140625,624222,780.4000244140625,,
2022-05-10,583.25,583.25,583.25,583.25,583.25,978990,780.4000244140625,,
2022-05-11,554.0999755859375,612.4000244140625,554.0999755859375,612.4000244140625,612.4000244140625,6256562,780.4000244140625,,
2022-05-12,589.0,612.0,581.7999877929688,581.7999877929688,581.7999877929688,3280219,780.4000244140625,,
2022-05-13,595.0,608.2000122070312,555.25,568.5999755859375,568.5999755859375,2779961,780.4000244140625,,
2022-05-16,559.4500122070312,595.0,540.2000122070312,577.4000244140625,577.4000244140625,2551705,780.4000244140625,,
2022-05-17,584.0,606.25,579.9000244140625,606.25,606.25,1723099,780.4000244140625,,
2022-05-18,635.0,636.5499877929688,628.0,636.5499877929688,636.5499877929688,984525,780.4000244140625,,
2022-05-19,628.0,668.3499755859375,604.75,668.1500244140625,668.1500244140625,4692335,780.4000244140625,,
2022-05-20,689.9000244140625,701.5499877929688,685.0,701.5499877929688,701.5499877929688,1327185,780.4000244140625,,
2022-05-23,732.0,736.5999755859375,721.0,736.5999755859375,736.5999755859375,2321841,780.4000244140625,,
2022-05-24,769.0,769.0,699.7999877929688,699.7999877929688,699.7999877929688,4060741,780.4000244140625,,
2022-05-25,666.0,684.4000244140625,664.8499755859375,664.8499755859375,664.8499755859375,1260744,780.4000244140625,,
2022-05-26,636.0,698.0499877929688,631.6500244140625,698.0499877929688,698.0499877929688,2297423,780.4000244140625,,
2022-05-27,709.0,729.9500122070312,676.5999755859375,710.1500244140625,710.1500244140625,2998870,780.4000244140625,,
2022-05-30,719.7999877929688,723.7000122070312,690.0,696.4000244140625,696.4000244140625,1894859,780.4000244140625,,
2022-05-31,670.0,691.0999755859375,661.5999755859375,668.5499877929688,668.5499877929688,1897011,668.5499877929688,,
2022-06-01,657.0,675.0,635.1500244140625,645.8499755859375,645.8499755859375,2009818,668.5499877929688,,
2022-06-02,644.0,678.0999755859375,631.0,678.0999755859375,678.0999755859375,1887742,668.5499877929688,,
2022-06-03,687.0,688.0,651.5999755859375,662.75,662.75,1525390,668.5499877929688,,
2022-06-06,665.0,690.0499877929688,636.0,679.8499755859375,679.8499755859375,1438315,668.5499877929688,,
2022-06-07,666.25,675.0,655.0,662.8499755859375,662.8499755859375,851786,668.5499877929688,,
2022-06-08,669.0,669.0,650.0,651.7000122070312,651.7000122070312,933358,668.5499877929688,,
2022-06-09,650.0,658.9000244140625,632.9000244140625,643.2000122070312,643.2000122070312,1148628,668.5499877929688,,
2022-06-10,629.0,639.7999877929688,620.5,622.5999755859375,622.5999755859375,1052098,668.5499877929688,,
2022-06-13,591.5,612.7999877929688,591.5,591.5,591.5,2232214,668.5499877929688,,
2022-06-14,590.0,621.0499877929688,580.0,621.0,621.0,1786917,668.5499877929688,,
2022-06-15,631.1500244140625,649.0,621.0,632.9000244140625,632.9000244140625,940691,668.5499877929688,,
2022-06-16,648.0,650.0,601.2999877929688,601.2999877929688,601.2999877929688,1342407,668.5499877929688,,
2022-06-17,581.0,621.4000244140625,571.5,584.7000122070312,584.7000122070312,6004473,668.5499877929688,,
2022-06-20,579.0,587.7000122070312,555.5,555.5,555.5,1690266,668.5499877929688,,
2022-06-21,555.0,579.5,532.6500244140625,574.0499877929688,574.0499877929688,1533006,668.5499877929688,,
2022-06-22,567.0,573.7000122070312,551.5,559.0499877929688,559.0499877929688,762390,668.5499877929688,,
2022-06-23,555.0,571.9000244140625,550.2000122070312,558.8499755859375,558.8499755859375,852711,668.5499877929688,,
2022-06-24,566.9000244140625,586.75,561.0,585.0499877929688,585.0499877929688,1085340,668.5499877929688,,
2022-06-27,599.0,609.7999877929688,592.0,598.4000244140625,598.4000244140625,1020577,668.5499877929688,,
2022-06-28,587.0499877929688,603.0,582.25,592.0,592.0,694084,668.5499877929688,,
2022-06-29,584.0,597.0,572.0,584.4500122070312,584.4500122070312,579496,668.5499877929688,,
2022-06-30,585.0,593.9000244140625,571.25,574.1500244140625,574.1500244140625,758969,574.1500244140625,,
2022-07-01,571.0,590.0,558.0999755859375,586.0,586.0,980990,574.1500244140625,,
2022-07-04,588.8499755859375,594.0,575.5,580.5999755859375,580.5999755859375,649489,574.1500244140625,,
2022-07-05,592.0,592.0,581.0,582.0499877929688,582.0499877929688,822251,574.1500244140625,,
2022-07-06,580.25,587.4000244140625,574.0,576.7000122070312,576.7000122070312,1011855,574.1500244140625,,
2022-07-07,582.0,599.0,580.0,595.9000244140625,595.9000244140625,1209630,574.1500244140625,,
2022-07-08,595.7000122070312,595.7000122070312,581.0,588.2999877929688,588.2999877929688,573367,574.1500244140625,,
2022-07-11,584.0,617.7000122070312,580.0,617.6500244140625,617.6500244140625,2029258,574.1500244140625,,
2022-07-12,610.7000122070312,648.5,608.0,648.2999877929688,648.2999877929688,2448406,574.1500244140625,,
2022-07-13,661.2999877929688,667.0,630.7000122070312,639.0,639.0,1650122,574.1500244140625,,
2022-07-14,639.0,644.7000122070312,611.0,627.8499755859375,627.8499755859375,926766,574.1500244140625,,
2022-07-15,631.0,644.0,616.0999755859375,623.7000122070312,623.7000122070312,609670,574.1500244140625,,
2022-07-18,629.0,635.5,620.0,623.5,623.5,672360,574.1500244140625,,
2022-07-19,595.2000122070312,621.0,595.2000122070312,617.25,617.25,830374,574.1500244140625,,
2022-07-20,624.8499755859375,628.0,611.7999877929688,614.0499877929688,614.0499877929688,874479,574.1500244140625,,
2022-07-21,615.25,621.0,613.0,615.0,615.0,556245,574.1500244140625,,
2022-07-22,620.0,621.7999877929688,610.0,611.5499877929688,611.5499877929688,620535,574.1500244140625,,
2022-07-25,611.0,638.0999755859375,600.0,622.2999877929688,622.2999877929688,1075997,574.1500244140625,,
2022-07-26,630.0,645.0,615.5499877929688,634.0499877929688,634.0499877929688,1754433,574.1500244140625,,
2022-07-27,631.0,650.0,623.0,645.6500244140625,645.6500244140625,1108726,574.1500244140625,,
2022-07-28,648.7000122070312,657.0,635.0,645.4500122070312,645.4500122070312,1274752,574.1500244140625,,
2022-07-29,650.0499877929688,665.0,640.0,658.7999877929688,658.7999877929688,2051352,574.1500244140625,,
2022-08-01,660.0,691.7000122070312,655.0,691.7000122070312,691.7000122070312,2550658,658.7999877929688,,
2022-08-02,724.0,724.0,692.25,709.8499755859375,709.8499755859375,2731848,658.7999877929688,,
2022-08-03,712.0,714.4000244140625,676.0,697.9000244140625,697.9000244140625,1934068,658.7999877929688,,
2022-08-04,683.0,718.0,679.0,692.7999877929688,692.7999877929688,2455100,658.7999877929688,,
2022-08-05,693.0,703.0,671.0,674.5,674.5,1521515,658.7999877929688,,
2022-08-08,669.0,680.0,652.0,665.5999755859375,665.5999755859375,1158499,658.7999877929688,,
2022-08-10,662.0,675.0,659.0,667.0,667.0,855572,658.7999877929688,,
2022-08-11,675.5,676.0,660.2000122070312,662.2000122070312,662.2000122070312,727260,658.7999877929688,,
2022-08-12,660.0999755859375,667.9500122070312,657.0,660.9000244140625,660.9000244140625,746051,658.7999877929688,,
2022-08-16,693.9000244140625,693.9000244140625,680.0499877929688,693.9000244140625,693.9000244140625,4377972,658.7999877929688,,
2022-08-17,700.0,723.7000122070312,699.5499877929688,708.9000244140625,708.9000244140625,5804715,658.7999877929688,,
2022-08-18,709.9000244140625,736.7999877929688,702.9000244140625,731.5499877929688,731.5499877929688,7286706,658.7999877929688,,
2022-08-19,736.7999877929688,761.5999755859375,723.0499877929688,733.7999877929688,733.7999877929688,7951280,658.7999877929688,,
2022-08-22,733.7999877929688,740.0,713.0499877929688,724.4000244140625,724.4000244140625,5111365,658.7999877929688,,
2022-08-23,713.0,724.3499755859375,688.2000122070312,690.0499877929688,690.0499877929688,5749579,658.7999877929688,,
2022-08-24,680.0,687.0,663.9500122070312,677.9000244140625,677.9000244140625,4141226,658.7999877929688,,
2022-08-25,679.0,706.7000122070312,679.0,686.0499877929688,686.0499877929688,3040841,658.7999877929688,,
2022-08-26,696.0,700.0,678.5,682.6500244140625,682.6500244140625,1902555,658.7999877929688,,
2022-08-29,655.0,699.0,655.0,683.2000122070312,683.2000122070312,3072094,658.7999877929688,,
2022-08-30,692.0,702.0,687.0,692.1500244140625,692.1500244140625,2323376,658.7999877929688,,
2022-09-01,689.0,696.4500122070312,681.4500122070312,683.2999877929688,683.2999877929688,1818618,692.1500244140625,,
2022-09-02,687.7000122070312,691.8499755859375,675.0499877929688,676.4000244140625,676.4000244140625,1441457,692.1500244140625,,
2022-09-05,680.2000122070312,684.2999877929688,670.0,670.8499755859375,670.8499755859375,1386420,692.1500244140625,,
2022-09-06,674.0,701.5,665.0,691.5,691.5,3307095,692.1500244140625,,
2022-09-07,688.0,706.7000122070312,686.5,698.3499755859375,698.3499755859375,2771232,692.1500244140625,,
2022-09-08,704.7999877929688,708.75,695.0999755859375,696.7000122070312,696.7000122070312,1677011,692.1500244140625,,
2022-09-09,701.9500122070312,715.0,697.2000122070312,703.5999755859375,703.5999755859375,3197290,692.1500244140625,,
2022-09-12,712.0999755859375,734.7999877929688,711.0499877929688,729.7000122070312,729.7000122070312,5254631,692.1500244140625,,
2022-09-13,735.8499755859375,744.0,718.0,721.8499755859375,721.8499755859375,3471491,692.1500244140625,,
2022-09-14,712.5999755859375,725.7000122070312,706.8499755859375,708.7000122070312,708.7000122070312,2672338,692.1500244140625,,
2022-09-15,715.5999755859375,735.7000122070312,702.3499755859375,730.4000244140625,730.4000244140625,3981260,692.1500244140625,,
2022-09-16,739.0,743.7000122070312,704.0,721.9500122070312,721.9500122070312,4018178,692.1500244140625,,
2022-09-19,726.7000122070312,743.5,712.2000122070312,733.0,733.0,4202247,692.1500244140625,,
2022-09-20,742.0,769.6500244140625,740.5999755859375,769.6500244140625,769.6500244140625,3888432,692.1500244140625,,
2022-09-21,793.0,808.0999755859375,738.0,781.7999877929688,781.7999877929688,19255724,692.1500244140625,,
2022-09-22,784.0,820.8499755859375,763.9500122070312,815.9500122070312,815.9500122070312,9333238,692.1500244140625,,
2022-09-23,828.9500122070312,841.7000122070312,792.2000122070312,809.9500122070312,809.9500122070312,8596406,692.1500244140625,,
2022-09-26,812.7999877929688,819.2000122070312,769.5,769.5,769.5,9041128,692.1500244140625,,
2022-09-27,769.9000244140625,782.7999877929688,736.6500244140625,751.5499877929688,751.5499877929688,6148645,692.1500244140625,,
2022-09-28,737.0,763.0,731.0,734.2999877929688,734.2999877929688,3718478,692.1500244140625,,
2022-09-29,750.0,761.0,736.0999755859375,745.8499755859375,745.8499755859375,3181847,692.1500244140625,,
2022-09-30,748.0,767.2999877929688,735.0499877929688,755.5,755.5,3568857,755.5,,
2022-10-03,754.9500122070312,764.9500122070312,717.75,717.75,717.75,4478444,755.5,,
2022-10-04,730.0,736.5999755859375,686.0,711.0499877929688,711.0499877929688,7522019,755.5,,
2022-10-06,723.1500244140625,746.5999755859375,715.0,746.5999755859375,746.5999755859375,3712267,755.5,,
2022-10-07,754.0499877929688,761.7000122070312,741.75,750.9500122070312,750.9500122070312,3873046,755.5,,
2022-10-10,741.0,758.25,735.5499877929688,740.25,740.25,3580781,755.5,,
2022-10-11,748.0,750.9000244140625,716.1500244140625,718.9000244140625,718.9000244140625,2543214,755.5,,
2022-10-12,726.0,727.7999877929688,692.0,708.3499755859375,708.3499755859375,3425164,755.5,,
2022-10-13,696.0,702.0,680.6500244140625,683.7999877929688,683.7999877929688,3852695,755.5,,
2022-10-14,700.0,702.5,630.2000122070312,654.8499755859375,654.8499755859375,3980730,755.5,,
2022-10-17,655.0,676.5,636.2000122070312,661.25,661.25,5269766,755.5,,
2022-10-18,668.7999877929688,697.0,665.0,692.7000122070312,692.7000122070312,4330387,755.5,,
2022-10-19,700.9500122070312,716.8499755859375,692.1500244140625,696.2000122070312,696.2000122070312,4063210,755.5,,
2022-10-20,691.2000122070312,699.5,683.1500244140625,693.5,693.5,2114063,755.5,,
2022-10-21,702.2000122070312,703.7000122070312,677.5,682.2999877929688,682.2999877929688,1756549,755.5,,
2022-10-24,693.0,694.0,686.0,688.4000244140625,688.4000244140625,559848,755.5,,
2022-10-25,689.0,689.0,675.0499877929688,678.4000244140625,678.4000244140625,1075083,755.5,,
2022-10-27,683.7999877929688,685.0,665.0,670.5499877929688,670.5499877929688,1668705,755.5,,
2022-10-28,672.0,694.0,664.0499877929688,671.0499877929688,671.0499877929688,2049394,755.5,,
2022-10-31,674.9500122070312,681.0499877929688,667.0,672.4000244140625,672.4000244140625,1347016,672.4000244140625,,
2022-11-01,678.7000122070312,724.2999877929688,672.1500244140625,716.4500122070312,716.4500122070312,7386356,672.4000244140625,,
2022-11-02,722.4000244140625,730.0,696.0,698.75,698.75,5093989,672.4000244140625,,
2022-11-03,692.9500122070312,708.7000122070312,678.6500244140625,682.2999877929688,682.2999877929688,4653694,672.4000244140625,,
2022-11-04,672.2999877929688,693.7999877929688,667.0,684.5499877929688,684.5499877929688,4267362,672.4000244140625,,
2022-11-07,687.9000244140625,694.0,680.5,684.0,684.0,2412228,672.4000244140625,,
2022-11-09,690.0,703.4000244140625,683.7999877929688,688.7000122070312,688.7000122070312,2886575,672.4000244140625,,
2022-11-10,684.0,688.2000122070312,677.0,679.75,679.75,1392887,672.4000244140625,,
2022-11-11,688.7000122070312,690.5499877929688,671.1500244140625,675.2999877929688,675.2999877929688,1490967,672.4000244140625,,
2022-11-14,671.2000122070312,678.4000244140625,665.0,667.75,667.75,1620233,672.4000244140625,,
2022-11-15,669.2000122070312,674.0,665.0,668.0499877929688,668.0499877929688,1172371,672.4000244140625,,
2022-11-16,670.2000122070312,672.8499755859375,651.0,653.0999755859375,653.0999755859375,1812221,672.4000244140625,,
2022-11-17,653.0,658.2999877929688,645.0499877929688,647.5499877929688,647.5499877929688,1417564,672.4000244140625,,
2022-11-18,650.0,652.75,635.0,636.5999755859375,636.5999755859375,1292186,672.4000244140625,,
2022-11-21,633.7999877929688,635.5999755859375,620.0,621.2000122070312,621.2000122070312,1410288,672.4000244140625,,
2022-11-22,622.9000244140625,642.9500122070312,615.0499877929688,637.25,637.25,1981078,672.4000244140625,,
2022-11-23,642.9000244140625,648.0,634.0,640.5499877929688,640.5499877929688,1223140,672.4000244140625,,
2022-11-24,640.5999755859375,643.8499755859375,631.2000122070312,632.4500122070312,632.4500122070312,956519,672.4000244140625,,
2022-11-25,633.0,642.0,630.0999755859375,631.5,631.5,1328014,672.4000244140625,,
2022-11-28,631.0,641.0,628.0499877929688,630.5999755859375,630.5999755859375,1079637,672.4000244140625,,
2022-11-29,630.0,635.0,620.0,622.75,622.75,1049196,672.4000244140625,,
2022-11-30,624.0,634.0,623.0,630.3499755859375,630.3499755859375,1127679,630.3499755859375,,
2022-12-01,636.0,668.4000244140625,633.5,647.4000244140625,647.4000244140625,4043896,630.3499755859375,,
2022-12-02,649.9000244140625,653.6500244140625,639.0,641.4000244140625,641.4000244140625,1375382,630.3499755859375,,
2022-12-05,642.9500122070312,646.5,635.0,639.7000122070312,639.7000122070312,1074443,630.3499755859375,,
2022-12-06,639.0,661.0,636.3499755859375,648.1500244140625,648.1500244140625,2736249,630.3499755859375,,
2022-12-07,647.0,662.9000244140625,646.2000122070312,651.7000122070312,651.7000122070312,2662884,630.3499755859375,,
2022-12-08,656.7999877929688,664.9000244140625,650.2999877929688,652.7000122070312,652.7000122070312,1265394,630.3499755859375,,
2022-12-09,656.0,661.25,632.0499877929688,639.0999755859375,639.0999755859375,1746933,630.3499755859375,,
2022-12-12,640.0,645.0,634.0999755859375,638.5999755859375,638.5999755859375,1159625,630.3499755859375,,
2022-12-13,641.7999877929688,666.0,640.0,651.25,651.25,4167135,630.3499755859375,,
2022-12-14,654.0,655.25,645.5499877929688,646.6500244140625,646.6500244140625,1201310,630.3499755859375,,
2022-12-15,645.9500122070312,653.9500122070312,640.0,641.6500244140625,641.6500244140625,1482082,630.3499755859375,,
2022-12-16,638.0,652.2999877929688,630.0,636.25,636.25,2950809,630.3499755859375,,
2022-12-19,639.5,640.0,626.25,629.4000244140625,629.4000244140625,1279734,630.3499755859375,,
2022-12-20,626.6500244140625,635.5,617.5499877929688,622.5999755859375,622.5999755859375,1461360,630.3499755859375,,
2022-12-21,625.75,630.9000244140625,580.7999877929688,588.0999755859375,588.0999755859375,3477994,630.3499755859375,,
2022-12-22,594.4000244140625,597.8499755859375,548.0,552.5999755859375,552.5999755859375,5191349,630.3499755859375,,
2022-12-23,540.0,549.9500122070312,497.3999938964844,499.6499938964844,499.6499938964844,7533918,630.3499755859375,,
2022-12-26,505.5,524.5999755859375,492.5499877929688,524.5999755859375,524.5999755859375,3587337,630.3499755859375,,
2022-12-27,544.0,550.7999877929688,542.2000122070312,550.7999877929688,550.7999877929688,2452403,630.3499755859375,,
2022-12-28,578.2999877929688,578.2999877929688,572.25,578.2999877929688,578.2999877929688,1060556,630.3499755859375,,
2022-12-29,600.0,607.2000122070312,585.5999755859375,605.2000122070312,605.2000122070312,5672387,630.3499755859375,,
2022-12-30,614.0,627.7999877929688,609.0,617.6500244140625,617.6500244140625,3993319,630.3499755859375,,
2023-01-02,618.4500122070312,623.2999877929688,598.0,603.9500122070312,603.9500122070312,1904864,617.6500244140625,,
2023-01-03,606.4000244140625,611.8499755859375,595.0499877929688,600.2999877929688,600.2999877929688,1217265,617.6500244140625,,
2023-01-04,599.5,599.5,582.0,584.3499755859375,584.3499755859375,1596696,617.6500244140625,,
2023-01-05,589.0,589.75,570.0,573.9500122070312,573.9500122070312,1615969,617.6500244140625,,
2023-01-06,573.8499755859375,573.8499755859375,562.7999877929688,568.3499755859375,568.3499755859375,1385827,617.6500244140625,,
2023-01-09,577.5,596.75,574.0,585.5499877929688,585.5499877929688,2765775,617.6500244140625,,
2023-01-10,586.0,588.7999877929688,564.4500122070312,571.4500122070312,571.4500122070312,1452148,617.6500244140625,,
2023-01-11,585.0,596.8499755859375,578.2000122070312,580.2000122070312,580.2000122070312,1709903,617.6500244140625,,
2023-01-12,583.9000244140625,583.9000244140625,570.0,571.4000244140625,571.4000244140625,1003738,617.6500244140625,,
2023-01-13,572.9500122070312,577.5,568.2000122070312,573.2999877929688,573.2999877929688,1116306,617.6500244140625,,
2023-01-16,575.0,578.2000122070312,563.75,568.2999877929688,568.2999877929688,863149,617.6500244140625,,
2023-01-17,567.9500122070312,577.25,565.0,572.25,572.25,1032218,617.6500244140625,,
2023-01-18,573.9500122070312,573.9500122070312,565.0499877929688,566.0,566.0,870228,617.6500244140625,,
2023-01-19,560.9000244140625,563.6500244140625,555.5499877929688,558.3499755859375,558.3499755859375,853177,617.6500244140625,,
2023-01-20,559.7999877929688,559.9000244140625,552.4500122070312,554.4500122070312,554.4500122070312,668493,617.6500244140625,,
2023-01-23,556.6500244140625,560.0,541.0,545.9000244140625,545.9000244140625,865429,617.6500244140625,,
2023-01-24,548.0999755859375,573.1500244140625,547.0,572.6500244140625,572.6500244140625,3755007,617.6500244140625,,
2023-01-25,572.5,573.6500244140625,544.0499877929688,544.0499877929688,544.0499877929688,3376652,617.6500244140625,,
2023-01-27,525.0,527.6500244140625,516.8499755859375,516.8499755859375,516.8499755859375,981654,617.6500244140625,,
2023-01-30,491.0,500.0,491.0,491.0,491.0,3176559,617.6500244140625,,
2023-01-31,466.4500122070313,466.4500122070313,466.4500122070313,466.4500122070313,466.4500122070313,879002,466.4500122070313,,
2023-02-01,475.0,488.7000122070313,443.1499938964844,443.1499938964844,443.1499938964844,10404690,466.4500122070313,,
2023-02-02,421.0,421.0,421.0,421.0,421.0,362700,466.4500122070313,,
2023-02-03,399.9500122070313,399.9500122070313,399.9500122070313,399.9500122070313,399.9500122070313,807229,466.4500122070313,,
2023-02-06,379.9500122070313,379.9500122070313,379.9500122070313,379.9500122070313,379.9500122070313,665662,466.4500122070313,,
2023-02-07,360.9500122070313,398.8999938964844,360.9500122070313,398.8999938964844,398.8999938964844,17681627,466.4500122070313,,
2023-02-08,416.2999877929688,418.7999877929688,415.0,418.7999877929688,418.7999877929688,919480,466.4500122070313,,
2023-02-09,439.7000122070313,439.7000122070313,406.2999877929688,439.7000122070313,439.7000122070313,12704925,466.4500122070313,,
2023-02-10,434.7999877929688,456.9500122070313,417.75,435.8999938964844,435.8999938964844,8116825,466.4500122070313,,
2023-02-13,425.0,443.2000122070313,414.1000061035156,414.1000061035156,414.1000061035156,3499118,466.4500122070313,,
2023-02-14,393.3999938964844,401.5,393.3999938964844,393.3999938964844,393.3999938964844,2889765,466.4500122070313,,
2023-02-15,385.0,408.8999938964844,383.25,397.5499877929688,397.5499877929688,5281042,466.4500122070313,,
2023-02-16,410.0,417.3999938964844,406.7000122070313,417.3999938964844,417.3999938964844,7344862,466.4500122070313,,
2023-02-17,422.1000061035156,438.25,418.8500061035156,438.25,438.25,4909261,466.4500122070313,,
2023-02-20,438.9500122070313,455.0,421.0,429.7999877929688,429.7999877929688,6612934,466.4500122070313,,
2023-02-21,434.25,442.9500122070313,408.3500061035156,410.8500061035156,410.8500061035156,4314226,466.4500122070313,,
2023-02-22,409.0,409.0,390.2999877929688,390.2999877929688,390.2999877929688,3393638,466.4500122070313,,
2023-02-23,374.0,394.2999877929688,370.7999877929688,374.2999877929688,374.2999877929688,6272834,466.4500122070313,,
2023-02-24,376.0,387.3999938964844,357.25,362.5499877929688,362.5499877929688,4274178,466.4500122070313,,
2023-02-27,360.0,362.1000061035156,344.45001220703125,344.45001220703125,344.45001220703125,2731387,466.4500122070313,,
2023-02-28,328.0,361.6499938964844,327.25,361.6499938964844,361.6499938964844,14317673,361.6499938964844,,
2023-03-01,369.0,379.7000122070313,368.8999938964844,379.7000122070313,379.7000122070313,992060,361.6499938964844,,
2023-03-02,398.6499938964844,398.6499938964844,380.0,398.6499938964844,398.6499938964844,7268869,361.6499938964844,,
2023-03-03,417.4500122070313,418.5499877929688,415.1499938964844,418.5499877929688,418.5499877929688,952505,361.6499938964844,,
2023-03-06,439.4500122070313,439.4500122070313,439.4500122070313,439.4500122070313,439.4500122070313,755826,361.6499938964844,,
2023-03-08,448.25,461.3999938964844,425.75,461.3999938964844,461.3999938964844,9279040,361.6499938964844,,
2023-03-09,479.8999938964844,484.4500122070313,463.1499938964844,474.3999938964844,474.3999938964844,16404681,361.6499938964844,,
2023-03-10,455.0,469.0,450.7000122070313,453.5,453.5,7471742,361.6499938964844,,
2023-03-13,450.0,471.75,432.1499938964844,435.5,435.5,5813550,361.6499938964844,,
2023-03-14,443.0,444.0,413.75,414.0,414.0,5125469,361.6499938964844,,
2023-03-15,418.75,434.7000122070313,408.3500061035156,426.7999877929688,426.7999877929688,7078235,361.6499938964844,,
2023-03-16,422.0,431.0,414.2000122070313,420.6499938964844,420.6499938964844,2731224,361.6499938964844,,
2023-03-17,429.3999938964844,439.0,423.8999938964844,427.6499938964844,427.6499938964844,2423287,361.6499938964844,,
2023-03-20,423.0,423.0,409.2999877929688,413.8500061035156,413.8500061035156,2158387,361.6499938964844,,
2023-03-21,419.75,425.7999877929688,410.25,418.75,418.75,2787019,361.6499938964844,,
2023-03-22,420.75,428.3999938964844,418.0499877929688,419.7999877929688,419.7999877929688,1894070,361.6499938964844,,
2023-03-23,418.8500061035156,435.5,415.0,421.2999877929688,421.2999877929688,3167155,361.6499938964844,,
2023-03-24,428.5499877929688,428.5499877929688,406.5,407.7000122070313,407.7000122070313,2942880,361.6499938964844,,
2023-03-27,409.0,411.7999877929688,387.3500061035156,387.5,387.5,2784324,361.6499938964844,,
2023-03-28,387.0,387.0,368.1499938964844,368.1499938964844,368.1499938964844,2613054,361.6499938964844,,
2023-03-29,358.0,386.5499877929688,357.3999938964844,386.5499877929688,386.5499877929688,6223991,361.6499938964844,,
2023-03-31,401.9500122070313,405.8500061035156,399.0499877929688,405.8500061035156,405.8500061035156,4081988,405.8500061035156,,
2023-04-03,405.8500061035156,407.75,391.2000122070313,395.7000122070313,395.7000122070313,3348736,405.8500061035156,,
2023-04-05,394.9500122070313,405.5,391.8500061035156,396.9500122070313,396.9500122070313,2052727,405.8500061035156,,
2023-04-06,399.0,414.75,396.3500061035156,409.2000122070313,409.2000122070313,3426105,405.8500061035156,,
2023-04-10,412.0,419.6499938964844,408.0499877929688,410.0,410.0,2208915,405.8500061035156,,
2023-04-11,412.25,426.0,412.25,416.6499938964844,416.6499938964844,3076342,405.8500061035156,,
2023-04-12,418.7999877929688,420.6000061035156,410.6499938964844,412.2999877929688,412.2999877929688,1839128,405.8500061035156,,
2023-04-13,412.2999877929688,415.0,408.3999938964844,410.5,410.5,1164398,405.8500061035156,,
2023-04-17,410.5,414.0,404.3999938964844,406.8999938964844,406.8999938964844,1524545,405.8500061035156,,
2023-04-18,407.0,410.5499877929688,401.2999877929688,403.4500122070313,403.4500122070313,960774,405.8500061035156,,
2023-04-19,405.7999877929688,417.0,398.8500061035156,408.2999877929688,408.2999877929688,1750568,405.8500061035156,,
2023-04-20,410.75,415.8999938964844,407.0499877929688,411.5,411.5,2142458,405.8500061035156,,
2023-04-21,411.5499877929688,412.9500122070313,403.5,404.2999877929688,404.2999877929688,1289899,405.8500061035156,,
2023-04-24,405.75,405.75,398.2000122070313,399.7000122070313,399.7000122070313,1045860,405.8500061035156,,
2023-04-25,400.2000122070313,414.8999938964844,399.0,403.2999877929688,403.2999877929688,2637540,405.8500061035156,,
2023-04-26,405.8500061035156,408.3999938964844,401.0,403.4500122070313,403.4500122070313,1301597,405.8500061035156,,
2023-04-27,403.2999877929688,407.5,400.5,402.1499938964844,402.1499938964844,1314856,405.8500061035156,,
2023-04-28,404.75,418.2000122070313,403.0499877929688,411.8500061035156,411.8500061035156,3529935,405.8500061035156,,
2023-05-02,414.5,423.2000122070313,413.2000122070313,415.4500122070313,415.4500122070313,2441446,411.8500061035156,,
2023-05-03,414.6000061035156,419.0,390.2999877929688,397.4500122070313,397.4500122070313,4578768,411.8500061035156,,
2023-05-04,392.6000061035156,401.5,389.0499877929688,399.0,399.0,1678816,411.8500061035156,,
2023-05-05,400.0,403.5499877929688,396.0499877929688,397.0,397.0,1147292,411.8500061035156,,
2023-05-08,399.3999938964844,400.0,392.0,393.25,393.25,1414041,411.8500061035156,,
2023-05-09,394.5,397.2000122070313,390.0,390.2999877929688,390.2999877929688,935375,411.8500061035156,,
2023-05-10,391.0,393.8999938964844,387.75,388.8500061035156,388.8500061035156,607567,411.8500061035156,,
2023-05-11,393.0,401.8999938964844,392.5,395.25,395.25,1420899,411.8500061035156,,
2023-05-12,398.0,398.0499877929688,391.6000061035156,392.25,392.25,706405,411.8500061035156,,
2023-05-15,394.9500122070313,394.9500122070313,385.0,386.7000122070313,386.7000122070313,820378,411.8500061035156,,
2023-05-16,386.5,392.5,382.2999877929688,383.1499938964844,383.1499938964844,906136,411.8500061035156,,
2023-05-17,388.7999877929688,388.7999877929688,377.5,385.75,385.75,946145,411.8500061035156,,
2023-05-18,388.2000122070313,388.2000122070313,377.0,378.0,378.0,837536,411.8500061035156,,
2023-05-19,378.75,412.2000122070313,366.0,403.9500122070313,403.9500122070313,6990238,411.8500061035156,,
2023-05-22,416.0,444.2999877929688,413.1000061035156,444.2999877929688,444.2999877929688,9234176,411.8500061035156,,
2023-05-23,469.7999877929688,488.7000122070313,468.2999877929688,488.7000122070313,488.7000122070313,13103654,411.8500061035156,,
2023-05-24,499.0,509.0,464.2999877929688,464.2999877929688,464.2999877929688,12837676,411.8500061035156,,
2023-05-25,453.2000122070313,468.9500122070313,442.6499938964844,452.0499877929688,452.0499877929688,5556002,411.8500061035156,,
2023-05-26,455.0,457.8999938964844,447.25,450.3999938964844,450.3999938964844,2297571,411.8500061035156,,
2023-05-29,455.9500122070313,457.6499938964844,444.3999938964844,447.6499938964844,447.6499938964844,1481961,411.8500061035156,,
2023-05-30,449.0,449.3999938964844,435.0,435.7000122070313,435.7000122070313,1301678,411.8500061035156,,
2023-05-31,432.9500122070313,450.0,425.5499877929688,436.1000061035156,436.1000061035156,2571533,436.1000061035156,,
2023-06-01,440.0,448.3500061035156,440.0,442.0499877929688,442.0499877929688,1825488,436.1000061035156,,
2023-06-02,444.0,446.7000122070313,436.0,437.5499877929688,437.5499877929688,1215288,436.1000061035156,,
2023-06-05,440.0,440.9500122070313,431.0,432.25,432.25,1707574,436.1000061035156,,
2023-06-06,435.7999877929688,437.3999938964844,428.5499877929688,429.6499938964844,429.6499938964844,1098423,436.1000061035156,,
2023-06-07,436.0,442.0,433.0,433.7999877929688,433.7999877929688,1848769,436.1000061035156,,
2023-06-08,436.0,437.0,428.7999877929688,429.75,429.75,1373618,436.1000061035156,,
2023-06-09,431.0,432.8999938964844,424.75,425.5499877929688,425.5499877929688,1078061,436.1000061035156,,
2023-06-12,426.0,427.8500061035156,420.7999877929688,422.25,422.25,984979,436.1000061035156,,
2023-06-13,423.25,425.3999938964844,418.0499877929688,419.1000061035156,419.1000061035156,927783,436.1000061035156,,
2023-06-14,420.1000061035156,424.0,418.0,418.5,418.5,922993,436.1000061035156,,
2023-06-15,424.0,437.8999938964844,422.6000061035156,431.1499938964844,431.1499938964844,2488565,436.1000061035156,,
2023-06-16,433.3999938964844,435.7000122070313,418.0,419.3500061035156,419.3500061035156,2857160,436.1000061035156,,
2023-06-19,420.2000122070313,423.8999938964844,416.2999877929688,419.3500061035156,419.3500061035156,1245437,436.1000061035156,,
2023-06-20,419.3500061035156,421.8999938964844,415.0,417.1000061035156,417.1000061035156,869554,436.1000061035156,,
2023-06-21,418.25,423.7000122070313,416.5499877929688,418.5,418.5,1005144,436.1000061035156,,
2023-06-22,419.4500122070313,422.4500122070313,408.2999877929688,418.1499938964844,418.1499938964844,1558796,436.1000061035156,,
2023-06-23,416.7000122070313,416.8999938964844,402.1000061035156,404.0,404.0,1944691,436.1000061035156,,
2023-06-26,400.0,410.75,394.0,406.8999938964844,406.8999938964844,1288275,436.1000061035156,,
2023-06-27,409.0499877929688,411.2999877929688,406.0,406.5499877929688,406.5499877929688,609697,436.1000061035156,,
2023-06-28,409.1499938964844,416.5,407.2999877929688,414.0499877929688,414.0499877929688,1397787,436.1000061035156,,
2023-06-30,415.3999938964844,417.7999877929688,409.25,409.9500122070313,409.9500122070313,1029091,409.9500122070313,,
2023-07-03,413.8500061035156,413.8500061035156,405.6000061035156,406.25,406.25,899110,409.9500122070313,,
2023-07-04,406.4500122070313,415.3999938964844,405.6000061035156,407.8999938964844,407.8999938964844,1040901,409.9500122070313,,
2023-07-05,407.8999938964844,410.0,406.2000122070313,406.9500122070313,406.9500122070313,788982,409.9500122070313,,
2023-07-06,409.9500122070313,412.5,406.1000061035156,407.0,407.0,1054692,409.9500122070313,,
2023-07-07,407.0,408.2999877929688,401.7999877929688,403.8999938964844,403.8999938964844,763419,409.9500122070313,,
2023-07-10,403.8999938964844,407.8999938964844,396.2999877929688,400.7000122070313,400.7000122070313,1501529,409.9500122070313,,
2023-07-11,402.0,405.8999938964844,401.3999938964844,402.0,402.0,702017,409.9500122070313,,
2023-07-12,404.5,405.3500061035156,400.1000061035156,401.6000061035156,401.6000061035156,676793,409.9500122070313,,
2023-07-13,402.1000061035156,404.0,397.0,398.75,398.75,876459,409.9500122070313,,
2023-07-14,403.9500122070313,403.9500122070313,397.5,398.7000122070313,398.7000122070313,845027,409.9500122070313,,
2023-07-17,402.5,410.9500122070313,401.0499877929688,402.6000061035156,402.6000061035156,1426265,409.9500122070313,,
2023-07-18,404.0,414.5,402.1499938964844,406.0499877929688,406.0499877929688,1905701,409.9500122070313,,
2023-07-19,407.0,409.4500122070313,400.0,401.3500061035156,401.3500061035156,1040685,409.9500122070313,,
2023-07-20,401.6000061035156,403.3999938964844,400.2999877929688,401.3999938964844,401.3999938964844,698744,409.9500122070313,,
2023-07-21,401.3999938964844,403.8500061035156,399.1000061035156,399.8500061035156,399.8500061035156,891058,409.9500122070313,,
2023-07-24,403.6000061035156,403.6000061035156,398.0,398.5499877929688,398.5499877929688,730674,409.9500122070313,,
2023-07-25,399.0,419.6499938964844,398.0,416.75,416.75,4321691,409.9500122070313,,
2023-07-26,419.3999938964844,422.7000122070313,412.5499877929688,413.3999938964844,413.3999938964844,3248464,409.9500122070313,,
2023-07-27,415.6000061035156,416.7999877929688,405.4500122070313,407.5,407.5,1008306,409.9500122070313,,
2023-07-28,407.5,413.7000122070313,400.0,406.7000122070313,406.7000122070313,1301848,409.9500122070313,,
2023-07-31,408.0,416.3999938964844,407.3500061035156,411.8999938964844,411.8999938964844,1625215,411.8999938964844,,
2023-08-01,414.0,416.4500122070313,408.3999938964844,413.1000061035156,413.1000061035156,1149582,411.8999938964844,,
2023-08-02,412.0,414.4500122070313,395.6499938964844,400.5,400.5,2378610,411.8999938964844,,
2023-08-03,396.0,400.5,388.2000122070313,397.2000122070313,397.2000122070313,2294230,411.8999938964844,,
2023-08-04,398.0499877929688,402.0,396.8999938964844,398.1000061035156,398.1000061035156,812495,411.8999938964844,,
2023-08-07,401.7999877929688,402.0,390.0,394.2999877929688,394.2999877929688,1177593,411.8999938964844,,
2023-08-08,394.8999938964844,396.3999938964844,390.0,392.9500122070313,392.9500122070313,1210905,411.8999938964844,,
2023-08-09,375.25,384.7999877929688,375.25,378.1499938964844,378.1499938964844,5535060,411.8999938964844,,
2023-08-10,376.1000061035156,384.0,372.0,373.2999877929688,373.2999877929688,3080541,411.8999938964844,,
2023-08-11,388.0,390.0,381.3999938964844,383.1000061035156,383.1000061035156,2303623,411.8999938964844,,
2023-08-14,378.9500122070313,379.7999877929688,371.2000122070313,375.7999877929688,375.7999877929688,1282172,411.8999938964844,,
2023-08-16,375.0,376.25,369.1000061035156,370.1000061035156,370.1000061035156,1195922,411.8999938964844,,
2023-08-17,370.1000061035156,373.8999938964844,366.7999877929688,368.1000061035156,368.1000061035156,1264158,411.8999938964844,,
2023-08-18,368.1000061035156,393.5499877929688,367.0,381.9500122070313,381.9500122070313,5306006,411.8999938964844,,
2023-08-21,382.0,391.8999938964844,381.0,382.5,382.5,2739213,411.8999938964844,,
2023-08-22,385.0,389.0,377.0,378.8999938964844,378.8999938964844,2180081,411.8999938964844,,
2023-08-23,382.0,383.0,373.2000122070313,374.8500061035156,374.8500061035156,1820623,411.8999938964844,,
2023-08-24,378.1000061035156,381.0,375.0,375.6000061035156,375.6000061035156,1209180,411.8999938964844,,
2023-08-25,377.0,378.75,373.0,373.5499877929688,373.5499877929688,1039562,411.8999938964844,,
2023-08-28,373.5499877929688,378.0,370.3999938964844,371.6000061035156,371.6000061035156,984070,411.8999938964844,,
2023-08-29,372.3500061035156,374.8500061035156,368.2999877929688,370.3999938964844,370.3999938964844,1394066,411.8999938964844,,
2023-08-30,372.5,373.1000061035156,368.6499938964844,368.9500122070313,368.9500122070313,1087363,411.8999938964844,,
2023-08-31,368.25,368.25,358.0,359.5,359.5,2190297,359.5,,
2023-09-01,354.8500061035156,357.0,348.0,352.25,352.25,3418923,359.5,,
2023-09-04,355.1499938964844,357.70001220703125,351.20001220703125,351.8500061035156,351.8500061035156,1853264,359.5,,
2023-09-05,353.70001220703125,355.0,350.0,350.3999938964844,350.3999938964844,1614088,359.5,,
2023-09-06,351.0,355.29998779296875,348.3999938964844,352.6499938964844,352.6499938964844,2208978,359.5,,
2023-09-07,353.79998779296875,355.5,352.29998779296875,353.0,353.0,1267899,359.5,,
2023-09-08,354.25,361.7999877929688,352.5,354.6000061035156,354.6000061035156,2293208,359.5,,
2023-09-11,358.45001220703125,368.2000122070313,355.3999938964844,363.7999877929688,363.7999877929688,3939397,359.5,,
2023-09-12,368.5,369.5,352.25,353.45001220703125,353.45001220703125,2104982,359.5,,
2023-09-13,354.95001220703125,358.70001220703125,350.29998779296875,352.29998779296875,352.29998779296875,1201859,359.5,,
2023-09-14,356.04998779296875,356.04998779296875,352.0,352.6499938964844,352.6499938964844,976710,359.5,,
2023-09-15,354.6499938964844,354.6499938964844,351.6499938964844,352.29998779296875,352.29998779296875,878952,359.5,,
2023-09-18,354.45001220703125,358.04998779296875,351.0,351.6000061035156,351.6000061035156,1334125,359.5,,
2023-09-20,351.6000061035156,352.6499938964844,349.0,349.25,349.25,885643,359.5,,
2023-09-21,349.25,351.1499938964844,345.79998779296875,346.25,346.25,929624,359.5,,
2023-09-22,346.5,348.3999938964844,342.0,342.79998779296875,342.79998779296875,874464,359.5,,
2023-09-25,344.0,345.54998779296875,339.8999938964844,340.20001220703125,340.20001220703125,861396,359.5,,
2023-09-26,340.20001220703125,347.75,339.5,341.8500061035156,341.8500061035156,756091,359.5,,
2023-09-27,343.6000061035156,344.6499938964844,340.25,341.54998779296875,341.54998779296875,556402,359.5,,
2023-09-28,342.0,344.1499938964844,338.0,338.79998779296875,338.79998779296875,797043,359.5,,
2023-09-29,340.04998779296875,341.70001220703125,337.0,337.3999938964844,337.3999938964844,647550,359.5,,
2023-10-03,338.29998779296875,338.3500061035156,332.70001220703125,333.3999938964844,333.3999938964844,915189,337.3999938964844,,
2023-10-04,333.3999938964844,364.0,332.6000061035156,352.79998779296875,352.79998779296875,8003426,337.3999938964844,,
2023-10-05,355.79998779296875,358.79998779296875,346.54998779296875,350.0,350.0,1937238,337.3999938964844,,
2023-10-06,352.95001220703125,355.0,347.0,349.04998779296875,349.04998779296875,1261269,337.3999938964844,,
2023-10-09,342.1000061035156,343.3999938964844,335.79998779296875,337.04998779296875,337.04998779296875,1429316,337.3999938964844,,
2023-10-10,337.25,348.8999938964844,337.20001220703125,345.8999938964844,345.8999938964844,1251808,337.3999938964844,,
2023-10-11,349.0,354.0,347.75,348.54998779296875,348.54998779296875,983621,337.3999938964844,,
2023-10-12,349.95001220703125,353.0,348.0,348.70001220703125,348.70001220703125,562174,337.3999938964844,,
2023-10-13,348.0,349.3999938964844,344.0,344.3999938964844,344.3999938964844,800721,337.3999938964844,,
2023-10-16,344.3999938964844,346.1499938964844,341.1000061035156,341.75,341.75,537842,337.3999938964844,,
2023-10-17,344.25,346.1499938964844,341.6000061035156,342.1499938964844,342.1499938964844,607246,337.3999938964844,,
2023-10-18,342.1499938964844,343.8999938964844,338.5,339.20001220703125,339.20001220703125,521923,337.3999938964844,,
2023-10-19,338.54998779296875,341.75,335.0,338.1499938964844,338.1499938964844,646916,337.3999938964844,,
2023-10-20,340.0,341.6000061035156,335.04998779296875,335.8500061035156,335.8500061035156,496643,337.3999938964844,,
2023-10-23,335.8500061035156,337.29998779296875,323.0,325.20001220703125,325.20001220703125,1211617,337.3999938964844,,
2023-10-25,328.0,332.5,318.0,320.3500061035156,320.3500061035156,1031276,337.3999938964844,,
2023-10-26,320.3500061035156,320.3500061035156,303.1000061035156,317.5,317.5,1621419,337.3999938964844,,
2023-10-27,321.0,335.75,320.29998779296875,331.3999938964844,331.3999938964844,1272301,337.3999938964844,,
2023-10-30,333.70001220703125,334.3999938964844,326.1499938964844,328.70001220703125,328.70001220703125,833574,337.3999938964844,,
2023-10-31,330.0,331.95001220703125,325.1000061035156,326.6000061035156,326.6000061035156,528865,326.6000061035156,,
2023-11-01,327.0,332.0,313.0,315.3999938964844,315.3999938964844,1946403,326.6000061035156,,
2023-11-02,315.3500061035156,322.95001220703125,311.8500061035156,315.95001220703125,315.95001220703125,1892363,326.6000061035156,,
2023-11-03,318.25,322.5,317.0,317.3999938964844,317.3999938964844,802628,326.6000061035156,,
2023-11-06,317.95001220703125,320.8999938964844,311.29998779296875,312.0,312.0,1430479,326.6000061035156,,
2023-11-07,309.79998779296875,309.79998779296875,304.04998779296875,304.5,304.5,2754359,326.6000061035156,,
2023-11-08,304.54998779296875,312.3500061035156,304.5,306.1499938964844,306.1499938964844,1468075,326.6000061035156,,
2023-11-09,307.0,307.8999938964844,300.0,300.54998779296875,300.54998779296875,1428993,326.6000061035156,,
2023-11-10,300.3500061035156,300.54998779296875,293.0,293.3999938964844,293.3999938964844,2470854,326.6000061035156,,
2023-11-13,298.95001220703125,299.75,294.0,295.1000061035156,295.1000061035156,910497,326.6000061035156,,
2023-11-15,295.25,299.0,295.04998779296875,296.54998779296875,296.54998779296875,1191632,326.6000061035156,,
2023-11-16,296.54998779296875,298.5,294.29998779296875,297.20001220703125,297.20001220703125,1120058,326.6000061035156,,
2023-11-17,298.5,298.6000061035156,294.5,295.0,295.0,881014,326.6000061035156,,
2023-11-20,295.0,317.04998779296875,285.79998779296875,310.70001220703125,310.70001220703125,5475091,326.6000061035156,,
2023-11-21,314.0,327.5,314.0,319.79998779296875,319.79998779296875,6570568,326.6000061035156,,
2023-11-22,320.0,322.3999938964844,311.04998779296875,314.3500061035156,314.3500061035156,1782582,326.6000061035156,,
2023-11-23,318.0,320.79998779296875,314.0,315.3999938964844,315.3999938964844,1056512,326.6000061035156,,
2023-11-24,315.3999938964844,321.0,310.79998779296875,316.95001220703125,316.95001220703125,2001218,326.6000061035156,,
2023-11-28,320.1000061035156,348.6000061035156,320.1000061035156,348.45001220703125,348.45001220703125,16678984,326.6000061035156,,
2023-11-29,357.0,371.9500122070313,344.0,347.29998779296875,347.29998779296875,12432730,326.6000061035156,,
2023-11-30,349.79998779296875,349.79998779296875,337.1000061035156,340.6499938964844,340.6499938964844,2821944,340.6499938964844,,
2023-12-01,343.79998779296875,347.0,339.0,340.25,340.25,2140231,340.6499938964844,,
2023-12-04,361.0,364.7999877929688,344.3500061035156,346.25,346.25,3412455,340.6499938964844,,
2023-12-05,348.0,380.8500061035156,342.3500061035156,380.6499938964844,380.6499938964844,23471509,340.6499938964844,,
2023-12-06,387.0,410.5,385.0,396.3500061035156,396.3500061035156,23410807,340.6499938964844,,
2023-12-07,398.0,406.0,390.25,395.6000061035156,395.6000061035156,7533237,340.6499938964844,,
2023-12-08,397.7000122070313,399.0,372.0499877929688,377.8999938964844,377.8999938964844,6850140,340.6499938964844,,
2023-12-11,379.75,382.9500122070313,369.0,374.2999877929688,374.2999877929688,4205380,340.6499938964844,,
2023-12-12,375.8500061035156,379.5,371.2999877929688,373.7000122070313,373.7000122070313,2271626,340.6499938964844,,
2023-12-13,374.7999877929688,374.9500122070313,363.4500122070313,365.4500122070313,365.4500122070313,2727607,340.6499938964844,,
2023-12-14,367.75,374.5,367.75,370.0499877929688,370.0499877929688,1871370,340.6499938964844,,
2023-12-15,372.8999938964844,373.8999938964844,367.7000122070313,369.25,369.25,1964938,340.6499938964844,,
2023-12-18,371.8999938964844,371.8999938964844,365.25,366.7999877929688,366.7999877929688,1273909,340.6499938964844,,
2023-12-19,367.0499877929688,369.2000122070313,361.0499877929688,363.0,363.0,1654248,340.6499938964844,,
2023-12-20,364.7999877929688,369.6000061035156,344.0,345.95001220703125,345.95001220703125,3136444,340.6499938964844,,
2023-12-21,339.54998779296875,353.0,336.1000061035156,351.29998779296875,351.29998779296875,1703123,340.6499938964844,,
2023-12-22,353.5,369.7000122070313,353.25,365.25,365.25,3648100,340.6499938964844,,
2023-12-26,365.4500122070313,368.0,360.25,363.1000061035156,363.1000061035156,1522711,340.6499938964844,,
2023-12-27,365.7000122070313,366.9500122070313,356.0,357.8999938964844,357.8999938964844,1773339,340.6499938964844,,
2023-12-28,360.1000061035156,360.2999877929688,353.0,354.1000061035156,354.1000061035156,1377610,340.6499938964844,,
2023-12-29,354.1000061035156,356.70001220703125,352.6000061035156,354.8999938964844,354.8999938964844,1402154,340.6499938964844,,
2024-01-01,356.75,375.6000061035156,355.04998779296875,367.0,367.0,3843900,354.8999938964844,,
2024-01-02,369.0499877929688,370.7000122070313,361.0,366.6000061035156,366.6000061035156,1767457,354.8999938964844,,
2024-01-03,382.0,397.7999877929688,376.3500061035156,380.9500122070313,380.9500122070313,18543241,354.8999938964844,,
2024-01-04,386.9500122070313,389.3999938964844,381.0,381.6000061035156,381.6000061035156,2615581,354.8999938964844,,
2024-01-05,383.3999938964844,383.6499938964844,376.0,377.7000122070313,377.7000122070313,2316000,354.8999938964844,,
2024-01-08,378.0,378.7000122070313,368.6000061035156,370.4500122070313,370.4500122070313,1884609,354.8999938964844,,
2024-01-09,373.0,378.3999938964844,371.0,372.1499938964844,372.1499938964844,1624709,354.8999938964844,,
2024-01-10,373.0,374.1000061035156,367.5,369.6499938964844,369.6499938964844,1539317,354.8999938964844,,
2024-01-11,371.0,372.75,368.5,369.3500061035156,369.3500061035156,950598,354.8999938964844,,
2024-01-12,371.0,371.2000122070313,367.0,367.6000061035156,367.6000061035156,1233417,354.8999938964844,,
2024-01-15,367.6000061035156,367.6000061035156,367.6000061035156,367.6000061035156,367.6000061035156,0,354.8999938964844,,
2024-01-16,363.4500122070313,364.0,358.1000061035156,360.5,360.5,1157077,354.8999938964844,,
2024-01-17,355.0,358.5,353.20001220703125,355.8500061035156,355.8500061035156,1282462,354.8999938964844,,
2024-01-18,355.0,363.4500122070313,348.54998779296875,356.6000061035156,356.6000061035156,1383535,354.8999938964844,,
2024-01-19,357.8500061035156,360.1499938964844,354.0,354.70001220703125,354.70001220703125,812083,354.8999938964844,,
2024-01-23,366.7999877929688,368.0,351.0,351.70001220703125,351.70001220703125,1641849,354.8999938964844,,
2024-01-24,353.0,354.3999938964844,346.54998779296875,349.70001220703125,349.70001220703125,1215375,354.8999938964844,,
2024-01-25,351.5,355.0,350.1000061035156,351.0,351.0,1018148,354.8999938964844,,
2024-01-29,352.95001220703125,364.25,351.8999938964844,360.6499938964844,360.6499938964844,2266795,354.8999938964844,,
2024-01-30,363.0,363.6499938964844,356.0,357.1000061035156,357.1000061035156,1326663,354.8999938964844,,
2024-01-31,358.0,363.0,354.0,355.45001220703125,355.45001220703125,2398210,355.45001220703125,,
2024-02-01,355.20001220703125,358.54998779296875,350.0,350.8500061035156,350.8500061035156,1752886,355.45001220703125,,
2024-02-02,354.70001220703125,359.04998779296875,350.0,350.29998779296875,350.29998779296875,1532480,355.45001220703125,,
2024-02-05,354.95001220703125,354.95001220703125,342.3999938964844,343.3500061035156,343.3500061035156,1834038,355.45001220703125,,
2024-02-06,346.75,351.0,340.70001220703125,343.20001220703125,343.20001220703125,1257367,355.45001220703125,,
2024-02-07,344.8999938964844,358.0,344.04998779296875,355.04998779296875,355.04998779296875,3522792,355.45001220703125,,
2024-02-08,357.0,357.45001220703125,347.95001220703125,348.6499938964844,348.6499938964844,1287732,355.45001220703125,,
2024-02-09,349.0,354.3999938964844,342.3500061035156,344.95001220703125,344.95001220703125,1199105,355.45001220703125,,
2024-02-12,346.8999938964844,348.3999938964844,337.0,338.3999938964844,338.3999938964844,1142901,355.45001220703125,,
2024-02-13,340.0,340.0,328.79998779296875,333.79998779296875,333.79998779296875,963337,355.45001220703125,,
2024-02-14,332.0,341.1499938964844,330.45001220703125,337.8500061035156,337.8500061035156,1019035,355.45001220703125,,
2024-02-15,340.79998779296875,344.0,336.0,337.04998779296875,337.04998779296875,861690,355.45001220703125,,
2024-02-16,339.0,353.0,336.6499938964844,346.5,346.5,2547871,355.45001220703125,,
2024-02-19,348.0,374.75,347.8500061035156,366.4500122070313,366.4500122070313,8004738,355.45001220703125,,
2024-02-20,369.3500061035156,378.9500122070313,361.7999877929688,369.7000122070313,369.7000122070313,5721766,355.45001220703125,,
2024-02-21,370.7000122070313,373.0,356.3500061035156,360.6000061035156,360.6000061035156,2925334,355.45001220703125,,
2024-02-22,363.3500061035156,363.3999938964844,355.6000061035156,360.6499938964844,360.6499938964844,1330394,355.45001220703125,,
2024-02-23,362.1000061035156,393.7000122070313,362.0499877929688,389.9500122070313,389.9500122070313,22868786,355.45001220703125,,
2024-02-26,391.0,408.9500122070313,386.1000061035156,398.7000122070313,398.7000122070313,17113132,355.45001220703125,,
2024-02-27,400.7999877929688,403.7000122070313,386.0,387.8500061035156,387.8500061035156,5944017,355.45001220703125,,
2024-02-28,388.7000122070313,398.7000122070313,380.0,381.5499877929688,381.5499877929688,6361852,355.45001220703125,,
2024-02-29,380.9500122070313,384.75,372.75,381.6499938964844,381.6499938964844,3172514,381.6499938964844,,
2024-03-01,385.0,388.7000122070313,378.0,381.1499938964844,381.1499938964844,2306169,381.6499938964844,,
2024-03-04,388.5,388.7999877929688,372.0,375.2999877929688,375.2999877929688,2068156,381.6499938964844,,
2024-03-05,375.8500061035156,378.3999938964844,365.0,366.0,366.0,2098762,381.6499938964844,,
2024-03-06,366.6000061035156,372.2999877929688,356.29998779296875,361.3500061035156,361.3500061035156,2233595,381.6499938964844,,
2024-03-07,363.3500061035156,367.75,361.0499877929688,362.4500122070313,362.4500122070313,1118321,381.6499938964844,,
2024-03-11,364.0,364.25,352.0,352.8500061035156,352.8500061035156,1539837,381.6499938964844,,
2024-03-12,354.0,358.8999938964844,343.79998779296875,347.1000061035156,347.1000061035156,2473806,381.6499938964844,,
2024-03-13,348.8999938964844,353.70001220703125,325.3500061035156,332.54998779296875,332.54998779296875,3833297,381.6499938964844,,
2024-03-14,333.0,350.0,324.8500061035156,347.45001220703125,347.45001220703125,2508962,381.6499938964844,,
2024-03-15,348.5,355.79998779296875,341.5,344.1499938964844,344.1499938964844,2180481,381.6499938964844,,
2024-03-18,338.04998779296875,341.5,334.20001220703125,337.3500061035156,337.3500061035156,1526899,381.6499938964844,,
2024-03-19,338.79998779296875,344.6499938964844,334.1000061035156,335.29998779296875,335.29998779296875,1444260,381.6499938964844,,
2024-03-20,337.04998779296875,339.5,330.0,330.95001220703125,330.95001220703125,1373270,381.6499938964844,,
2024-03-21,334.45001220703125,337.5,332.5,333.70001220703125,333.70001220703125,1222130,381.6499938964844,,
2024-03-22,335.0,338.04998779296875,334.04998779296875,335.70001220703125,335.70001220703125,1503391,381.6499938964844,,
2024-03-26,336.0,341.6000061035156,330.5,331.25,331.25,2004044,381.6499938964844,,
2024-03-27,333.0,335.3999938964844,321.6499938964844,323.5,323.5,3554876,381.6499938964844,,
2024-03-28,327.0,330.95001220703125,320.1000061035156,321.3999938964844,321.3999938964844,2237150,381.6499938964844,,
2024-04-01,328.0,342.0,326.1499938964844,340.20001220703125,340.20001220703125,3007473,321.3999938964844,,
2024-04-02,341.04998779296875,362.5,337.25,354.1499938964844,354.1499938964844,6117873,321.3999938964844,,
2024-04-03,352.95001220703125,360.7000122070313,351.1499938964844,353.70001220703125,353.70001220703125,2381515,321.3999938964844,,
2024-04-04,356.3999938964844,358.79998779296875,352.04998779296875,354.5,354.5,1654777,321.3999938964844,,
2024-04-05,354.0,355.25,350.25,352.20001220703125,352.20001220703125,1269063,321.3999938964844,,
2024-04-08,363.0,366.7000122070313,354.6000061035156,356.3999938964844,356.3999938964844,2576180,321.3999938964844,,
2024-04-09,357.95001220703125,358.5,351.54998779296875,352.20001220703125,352.20001220703125,921028,321.3999938964844,,
2024-04-10,352.8999938964844,354.3999938964844,348.6499938964844,350.6499938964844,350.6499938964844,897962,321.3999938964844,,
2024-04-12,348.8500061035156,351.0,344.1000061035156,345.04998779296875,345.04998779296875,1196013,321.3999938964844,,
2024-04-15,335.95001220703125,341.95001220703125,331.25,336.29998779296875,336.29998779296875,1360743,321.3999938964844,,
2024-04-16,332.0,339.8500061035156,332.0,336.20001220703125,336.20001220703125,874725,321.3999938964844,,
2024-04-18,339.29998779296875,342.70001220703125,334.8500061035156,336.1000061035156,336.1000061035156,989250,321.3999938964844,,
2024-04-19,332.79998779296875,336.95001220703125,330.1000061035156,335.3999938964844,335.3999938964844,847877,321.3999938964844,,
2024-04-22,340.0,341.25,337.1000061035156,338.70001220703125,338.70001220703125,795858,321.3999938964844,,
2024-04-23,340.0,349.1000061035156,339.5,342.1000061035156,342.1000061035156,1431610,321.3999938964844,,
2024-04-24,343.95001220703125,345.0,342.45001220703125,343.6499938964844,343.6499938964844,742111,321.3999938964844,,
2024-04-25,342.0,343.8500061035156,340.54998779296875,342.25,342.25,728211,321.3999938964844,,
2024-04-26,343.95001220703125,347.0,342.3500061035156,342.8500061035156,342.8500061035156,774168,321.3999938964844,,
2024-04-29,344.70001220703125,348.45001220703125,342.70001220703125,343.1499938964844,343.1499938964844,935698,321.3999938964844,,
2024-04-30,345.1000061035156,359.5,345.1000061035156,357.6000061035156,357.6000061035156,4020028,357.6000061035156,,
2024-05-02,361.0,361.2999877929688,350.70001220703125,351.45001220703125,351.45001220703125,2632127,357.6000061035156,,
2024-05-03,348.0,351.8999938964844,342.6000061035156,344.25,344.25,1392909,357.6000061035156,,
2024-05-06,344.0,345.0,336.0,337.79998779296875,337.79998779296875,1045201,357.6000061035156,,
2024-05-07,338.0,346.20001220703125,335.5,338.0,338.0,1542634,357.6000061035156,,
2024-05-08,338.0,340.95001220703125,335.54998779296875,337.0,337.0,750561,357.6000061035156,,
2024-05-09,338.0,341.6000061035156,330.0,330.8999938964844,330.8999938964844,1122343,357.6000061035156,,
2024-05-10,333.0,334.95001220703125,327.29998779296875,332.3500061035156,332.3500061035156,663071,357.6000061035156,,
2024-05-13,334.1000061035156,334.8999938964844,327.5,330.8999938964844,330.8999938964844,827737,357.6000061035156,,
2024-05-14,334.70001220703125,342.45001220703125,332.0,338.54998779296875,338.54998779296875,1752983,357.6000061035156,,
2024-05-15,341.0,343.79998779296875,333.29998779296875,334.79998779296875,334.79998779296875,1197943,357.6000061035156,,
2024-05-16,337.95001220703125,338.5,334.0,334.95001220703125,334.95001220703125,723290,357.6000061035156,,
2024-05-17,336.3999938964844,339.70001220703125,335.0,336.45001220703125,336.45001220703125,800719,357.6000061035156,,
2024-05-21,337.6000061035156,351.0,335.04998779296875,343.8999938964844,343.8999938964844,2818680,357.6000061035156,,
2024-05-22,346.8500061035156,348.0,339.3500061035156,340.3500061035156,340.3500061035156,1386775,357.6000061035156,,
2024-05-23,342.3999938964844,353.8999938964844,338.3999938964844,346.54998779296875,346.54998779296875,3270416,357.6000061035156,,
2024-05-24,346.5,353.5,343.6499938964844,345.04998779296875,345.04998779296875,2621886,357.6000061035156,,
2024-05-27,346.3500061035156,347.6000061035156,340.5,341.1000061035156,341.1000061035156,1546857,357.6000061035156,,
2024-05-28,341.1000061035156,342.8999938964844,337.0,338.25,338.25,1100792,357.6000061035156,,
2024-05-29,340.04998779296875,347.8500061035156,338.29998779296875,344.3999938964844,344.3999938964844,2113385,357.6000061035156,,
2024-05-30,344.04998779296875,352.70001220703125,343.04998779296875,344.5,344.5,2499768,357.6000061035156,,
2024-05-31,348.0,361.5499877929688,344.0,355.75,355.75,7024587,355.75,,
2024-06-03,381.9500122070313,383.9500122070313,364.1000061035156,368.25,368.25,10215851,355.75,,
2024-06-04,369.0,369.0,331.45001220703125,331.45001220703125,331.45001220703125,7245279,355.75,,
2024-06-05,335.0,338.79998779296875,316.0,334.20001220703125,334.20001220703125,3686678,355.75,,
2024-06-06,342.0,348.1499938964844,337.0,343.45001220703125,343.45001220703125,3458914,355.75,,
2024-06-07,340.04998779296875,346.8999938964844,340.04998779296875,345.0,345.0,1758072,355.75,,
2024-06-10,347.8500061035156,351.0,344.8500061035156,345.5,345.5,2083460,355.75,,
2024-06-11,347.5,347.95001220703125,343.29998779296875,343.8999938964844,343.8999938964844,1004598,355.75,,
2024-06-12,344.95001220703125,346.8999938964844,344.04998779296875,344.45001220703125,344.45001220703125,955655,355.75,,
2024-06-13,346.45001220703125,348.70001220703125,344.0,344.29998779296875,344.29998779296875,1031957,355.75,,
2024-06-14,345.8999938964844,348.70001220703125,343.0,344.3999938964844,344.3999938964844,1071246,355.75,,
2024-06-18,344.54998779296875,346.70001220703125,340.8999938964844,341.54998779296875,341.54998779296875,1467029,355.75,,
2024-06-19,342.5,343.0,335.75,337.1000061035156,337.1000061035156,1210968,355.75,,
2024-06-20,339.0,343.04998779296875,337.25,340.1499938964844,340.1499938964844,942532,355.75,,
2024-06-21,340.95001220703125,341.8999938964844,337.25,338.54998779296875,338.54998779296875,1022030,355.75,,
2024-06-24,337.95001220703125,340.29998779296875,336.0,336.6499938964844,336.6499938964844,920363,355.75,,
2024-06-25,337.79998779296875,338.8500061035156,335.0,335.20001220703125,335.20001220703125,809296,355.75,,
2024-06-26,336.0,337.8999938964844,334.3999938964844,334.8999938964844,334.8999938964844,830867,355.75,,
2024-06-27,337.0,337.79998779296875,331.1000061035156,333.6499938964844,333.6499938964844,995756,355.75,,
2024-06-28,335.0,335.70001220703125,331.04998779296875,332.1000061035156,332.1000061035156,851711,355.75,,
2024-07-01,333.1499938964844,334.95001220703125,331.1499938964844,332.6000061035156,332.6000061035156,911492,332.1000061035156,,
2024-07-02,334.8999938964844,343.6000061035156,333.5,335.75,335.75,2169382,332.1000061035156,,
2024-07-03,337.04998779296875,338.8500061035156,335.0,335.6499938964844,335.6499938964844,828736,332.1000061035156,,
2024-07-04,336.04998779296875,337.70001220703125,333.5,333.8999938964844,333.8999938964844,896649,332.1000061035156,,
2024-07-05,334.5,335.20001220703125,332.0,332.8999938964844,332.8999938964844,1170818,332.1000061035156,,
2024-07-08,344.95001220703125,347.0,338.1000061035156,339.29998779296875,339.29998779296875,2850289,332.1000061035156,,
2024-07-09,340.8999938964844,345.8500061035156,336.79998779296875,338.29998779296875,338.29998779296875,1816798,332.1000061035156,,
2024-07-10,338.5,339.8999938964844,332.5,335.0,335.0,992976,332.1000061035156,,
2024-07-11,336.6499938964844,336.95001220703125,333.79998779296875,334.20001220703125,334.20001220703125,752675,332.1000061035156,,
2024-07-12,340.0,343.0,334.0,335.75,335.75,1894394,332.1000061035156,,
2024-07-15,336.3999938964844,337.3999938964844,333.29998779296875,333.95001220703125,333.95001220703125,1241569,332.1000061035156,,
2024-07-16,334.8999938964844,336.6000061035156,329.3999938964844,330.75,330.75,2168694,332.1000061035156,,
2024-07-18,330.75,331.29998779296875,323.1000061035156,324.25,324.25,2079538,332.1000061035156,,
2024-07-19,325.0,326.70001220703125,319.0,319.95001220703125,319.95001220703125,1133458,332.1000061035156,,
2024-07-22,318.0,326.79998779296875,315.5,323.8999938964844,323.8999938964844,1114641,332.1000061035156,,
2024-07-23,325.04998779296875,331.45001220703125,316.79998779296875,322.3500061035156,322.3500061035156,1651906,332.1000061035156,,
2024-07-24,324.6499938964844,328.3999938964844,323.29998779296875,325.20001220703125,325.20001220703125,983727,332.1000061035156,,
2024-07-25,323.3999938964844,329.79998779296875,322.1499938964844,323.3500061035156,323.3500061035156,1082813,332.1000061035156,,
2024-07-26,325.45001220703125,333.8999938964844,324.0,325.1499938964844,325.1499938964844,2465354,332.1000061035156,,
2024-07-29,328.0,349.70001220703125,327.1000061035156,344.6000061035156,344.6000061035156,14356770,332.1000061035156,,
2024-07-30,347.79998779296875,354.6000061035156,347.1499938964844,352.29998779296875,352.29998779296875,8155099,332.1000061035156,,
2024-07-31,354.25,355.79998779296875,346.3999938964844,348.1499938964844,348.1499938964844,2695268,348.1499938964844,,
2024-08-01,349.8999938964844,357.70001220703125,342.5,348.3500061035156,348.3500061035156,7025096,348.1499938964844,,
2024-08-02,344.0,383.1499938964844,343.20001220703125,383.1499938964844,383.1499938964844,26955054,348.1499938964844,,
2024-08-05,369.0,399.0,362.5,382.3500061035156,382.3500061035156,34428978,348.1499938964844,,
2024-08-06,394.0,402.0,360.3500061035156,364.3999938964844,364.3999938964844,12339179,348.1499938964844,,
2024-08-07,374.8999938964844,391.4500122070313,367.1499938964844,387.1499938964844,387.1499938964844,9614242,348.1499938964844,,
2024-08-08,387.1000061035156,403.9500122070313,382.0499877929688,387.5,387.5,14683067,348.1499938964844,,
2024-08-09,393.3999938964844,395.9500122070313,383.0,385.1499938964844,385.1499938964844,4656937,348.1499938964844,,
2024-08-12,375.0,378.8500061035156,360.0,369.1000061035156,369.1000061035156,12993594,348.1499938964844,,
2024-08-13,373.0,376.8999938964844,358.20001220703125,360.3999938964844,360.3999938964844,4588809,348.1499938964844,,0.0
