Date,Open,High,Low,Close,Adj Close,Volume,weekly,60ma,extent_of_fall
2021-06-24,301.0,361.2000122070313,295.0,361.2000122070313,354.3987121582031,41848082,,,
2021-06-25,387.8999938964844,413.8999938964844,355.45001220703125,364.7000122070313,357.83282470703125,30784367,,,
2021-06-28,357.0,361.7000122070313,337.29998779296875,347.5,340.95672607421875,5967165,364.7000122070313,,
2021-06-29,345.0,352.0,340.8500061035156,349.1000061035156,342.52655029296875,2476272,364.7000122070313,,
2021-06-30,350.75,359.0,341.29998779296875,342.29998779296875,335.8546142578125,983870,364.7000122070313,,
2021-07-01,342.0,350.0,333.25,344.95001220703125,338.4547424316406,1740419,364.7000122070313,,
2021-07-02,343.0,385.0,341.29998779296875,377.4500122070313,370.3427429199219,4600866,364.7000122070313,,
2021-07-05,381.3999938964844,387.8999938964844,366.5,383.0499877929688,375.83734130859375,3150274,377.4500122070313,,
2021-07-06,382.6499938964844,395.7000122070313,376.0,388.0,380.694091796875,3504682,377.4500122070313,,
2021-07-07,384.25,420.7999877929688,378.5,405.3500061035156,397.7174377441406,5935443,377.4500122070313,,
2021-07-08,404.75,412.3999938964844,396.1000061035156,402.4500122070313,394.8720397949219,2421453,377.4500122070313,,
2021-07-09,400.0,426.7999877929688,398.0499877929688,422.25,414.2991943359375,3886823,377.4500122070313,,
2021-07-12,424.8999938964844,427.0,402.0,409.1000061035156,401.3968200683594,1845286,422.25,,
2021-07-13,411.0,415.5,400.3999938964844,402.0499877929688,394.4795227050781,1526457,422.25,,
2021-07-14,404.9500122070313,406.9500122070313,399.0,401.7999877929688,394.2342224121094,625983,422.25,,
2021-07-15,404.7000122070313,409.2999877929688,392.2000122070313,394.7000122070313,387.2679443359375,727281,422.25,,
2021-07-16,400.0,409.0,399.2000122070313,401.5,393.9399108886719,1023571,422.25,,
2021-07-19,399.5,404.9500122070313,388.0,393.7999877929688,386.3848571777344,1220437,401.5,,
2021-07-20,401.7000122070313,456.8999938964844,392.0,439.8500061035156,431.5677795410156,8324982,401.5,,
2021-07-22,428.0,452.0,411.1000061035156,440.5,432.2055358886719,9450575,401.5,,
2021-07-23,441.0,452.8999938964844,418.75,423.25,415.2803649902344,4378428,401.5,,
2021-07-26,424.0,424.0,402.6000061035156,405.5499877929688,397.9136047363281,3491888,423.25,,
2021-07-27,408.0,415.4500122070313,393.8500061035156,396.6000061035156,389.1321411132813,2330599,423.25,,
2021-07-28,400.4500122070313,424.2999877929688,395.5,418.75,410.8651428222656,4790986,423.25,,
2021-07-29,420.75,438.9500122070313,416.1000061035156,435.3999938964844,427.2015380859375,2548002,423.25,,
2021-07-30,432.8500061035156,443.9500122070313,426.7000122070313,439.25,430.9790954589844,1833069,423.25,,
2021-08-02,442.6499938964844,454.25,435.5,439.25,430.9790954589844,2478124,439.25,,
2021-08-03,443.0,446.7999877929688,432.2000122070313,436.0499877929688,427.83929443359375,909060,439.25,,
2021-08-04,439.75,439.75,421.0,421.9500122070313,414.00482177734375,1674935,439.25,,
2021-08-05,424.8999938964844,425.0,408.0,409.5,401.7892456054688,1476251,439.25,,
2021-08-06,410.2000122070313,422.5,408.0,411.4500122070313,403.7026062011719,1736766,439.25,,
2021-08-09,427.7000122070313,486.7000122070313,427.25,477.7999877929688,468.8031311035156,13161558,411.4500122070313,,
2021-08-10,481.25,559.4000244140625,474.0,489.3500061035156,480.1357116699219,20850838,411.4500122070313,,
2021-08-11,497.7999877929688,522.9000244140625,478.3500061035156,498.8999938964844,489.50592041015625,7578893,411.4500122070313,,
2021-08-12,503.7000122070313,508.75,486.8500061035156,491.25,481.99993896484375,1918516,411.4500122070313,,
2021-08-13,494.1499938964844,517.4000244140625,494.1499938964844,501.7999877929688,492.3512573242188,2797664,411.4500122070313,,
2021-08-16,503.5,542.0,493.0499877929688,516.25,506.5292053222656,5838267,501.7999877929688,,
2021-08-17,515.4000244140625,523.7999877929688,494.0,496.3500061035156,487.0038757324219,2846613,501.7999877929688,,
2021-08-18,498.9500122070313,504.75,464.1000061035156,473.75,464.8294677734375,3623680,501.7999877929688,,
2021-08-20,467.6000061035156,493.0,463.0,466.3500061035156,457.5688171386719,2441515,501.7999877929688,,
2021-08-23,472.1499938964844,480.8999938964844,438.1499938964844,445.2000122070313,436.8170776367188,2657952,466.3500061035156,,
2021-08-24,448.6499938964844,456.5,440.2000122070313,450.1499938964844,441.673828125,2849668,466.3500061035156,,
2021-08-25,457.0,491.1499938964844,455.25,472.3999938964844,463.50482177734375,4691070,466.3500061035156,,
2021-08-26,475.0,484.0,466.1499938964844,471.5,462.621826171875,2658679,466.3500061035156,,
2021-08-27,471.0,478.8999938964844,467.2000122070313,474.2000122070313,465.2710266113281,1346020,466.3500061035156,,
2021-08-30,483.0,521.7000122070312,483.0,512.6500244140625,502.99700927734375,5769574,474.2000122070313,,
2021-08-31,510.0,518.7999877929688,496.3999938964844,500.1000061035156,490.6832580566406,2502460,474.2000122070313,,
2021-09-01,500.1000061035156,513.0999755859375,496.0,498.4500122070313,489.0643615722656,1701574,474.2000122070313,,
2021-09-02,498.5,511.0,493.0,494.5499877929688,485.23779296875,1525755,474.2000122070313,,
2021-09-03,496.0,538.7999877929688,491.0,525.7000122070312,515.8013305664062,8377452,474.2000122070313,,
2021-09-06,532.4000244140625,561.9000244140625,527.2999877929688,548.75,538.4171752929688,5941536,525.7000122070312,,
2021-09-07,550.4500122070312,560.9000244140625,540.5999755859375,548.9000244140625,538.5643920898438,3524987,525.7000122070312,,
2021-09-08,551.9000244140625,551.9000244140625,526.0999755859375,544.8499755859375,534.5906982421875,3217349,525.7000122070312,,
2021-09-09,545.5,571.0,545.2000122070312,550.5,540.1343383789062,4521235,525.7000122070312,,
2021-09-13,553.0,589.2999877929688,546.0,583.4500122070312,572.4638671875,5695633,550.5,,
2021-09-14,587.4500122070312,596.7999877929688,567.2000122070312,572.0,561.2293701171875,3046264,550.5,,
2021-09-15,575.4000244140625,589.2999877929688,567.2000122070312,582.4500122070312,571.4827270507812,3207889,550.5,,
2021-09-16,584.1500244140625,610.0,582.5499877929688,585.3499755859375,574.3279418945312,4361456,550.5,,
2021-09-17,589.0,592.25,560.25,570.4000244140625,559.6596069335938,2113066,550.5,,
2021-09-20,564.0,580.0,556.0999755859375,566.0999755859375,555.4406127929688,1784926,570.4000244140625,,
2021-09-21,569.7999877929688,572.7000122070312,547.1500244140625,562.7999877929688,552.2026977539062,2457993,570.4000244140625,,
2021-09-22,565.5999755859375,584.0,561.0499877929688,574.7999877929688,563.9767456054688,1786786,570.4000244140625,,
2021-09-23,580.4500122070312,587.75,572.0999755859375,574.8499755859375,564.0257568359375,1348917,570.4000244140625,,
2021-09-24,576.7999877929688,578.75,555.0499877929688,558.0,547.4930419921875,1243064,570.4000244140625,,
2021-09-27,563.9000244140625,566.7999877929688,548.0,560.5,549.9459838867188,1602071,558.0,,
2021-09-28,563.0,564.4000244140625,552.7000122070312,556.25,545.7760009765625,1117400,558.0,,
2021-09-29,553.0,573.7999877929688,551.0,563.25,552.6442260742188,1092189,558.0,,
2021-09-30,565.4000244140625,566.7999877929688,554.9000244140625,555.8499755859375,545.3834838867188,628272,558.0,,
2021-10-01,551.0,571.8499755859375,549.2000122070312,562.5499877929688,551.9573974609375,1605653,558.0,,
2021-10-04,564.0999755859375,581.7999877929688,564.0499877929688,575.2000122070312,564.3692016601562,1332619,562.5499877929688,,
2021-10-05,575.5999755859375,589.8499755859375,555.0,585.25,574.2299194335938,2312586,562.5499877929688,,
2021-10-06,588.0,591.5,573.0,581.0499877929688,570.1090698242188,1145894,562.5499877929688,,
2021-10-07,585.0,689.0,584.0,652.9500122070312,640.6551513671875,8928123,562.5499877929688,,
2021-10-08,657.5999755859375,660.0,627.0499877929688,630.9500122070312,619.0694580078125,2400741,562.5499877929688,,
2021-10-11,632.7999877929688,665.9500122070312,628.4000244140625,651.7999877929688,639.52685546875,1912860,630.9500122070312,,
2021-10-12,651.0,660.0,635.0,651.0,638.7418823242188,1197495,630.9500122070312,,
2021-10-13,670.0,749.0,670.0,741.4000244140625,727.4397583007812,7037231,630.9500122070312,,
2021-10-14,747.7000122070312,813.0,718.3499755859375,755.1500244140625,740.9308471679688,5972558,630.9500122070312,,
2021-10-18,762.0,805.9500122070312,755.0,765.6500244140625,751.233154296875,2396092,755.1500244140625,,
2021-10-19,771.4000244140625,773.2999877929688,674.0,697.5999755859375,684.4644165039062,1716466,755.1500244140625,,
2021-10-20,691.9000244140625,694.0,630.0,643.3499755859375,631.2359619140625,4178371,755.1500244140625,,
2021-10-21,643.2000122070312,653.4000244140625,601.0,625.1500244140625,613.378662109375,2746143,755.1500244140625,,
2021-10-22,629.75,666.4500122070312,611.25,616.0999755859375,604.4990844726562,2566541,755.1500244140625,,
2021-10-25,618.0,626.9000244140625,586.0,604.0,592.626953125,1874816,616.0999755859375,,
2021-10-26,608.0,654.0499877929688,608.0,639.2999877929688,627.2621459960938,3210594,616.0999755859375,,
2021-10-27,643.0,647.9000244140625,612.0,615.0499877929688,603.4688720703125,1718860,616.0999755859375,,
2021-10-28,618.0,705.4000244140625,618.0,668.4000244140625,655.8142700195312,7525179,616.0999755859375,,
2021-10-29,664.0,678.0999755859375,637.2000122070312,647.7000122070312,635.5040893554688,2563167,616.0999755859375,,
2021-11-01,653.7000122070312,669.7999877929688,645.2000122070312,648.4000244140625,636.19091796875,1838861,647.7000122070312,,
2021-11-02,653.0,669.2000122070312,648.4000244140625,649.3499755859375,637.1229858398438,1857969,647.7000122070312,,
2021-11-03,654.0,655.4500122070312,635.6500244140625,643.5499877929688,631.43212890625,1127716,647.7000122070312,,
2021-11-04,643.5499877929688,643.5499877929688,643.5499877929688,643.5499877929688,631.43212890625,0,647.7000122070312,,
2021-11-08,669.0,679.75,656.6500244140625,666.2999877929688,653.7537841796875,1739351,643.5499877929688,,
2021-11-09,668.0,697.5499877929688,661.4000244140625,684.9500122070312,672.052734375,2961288,643.5499877929688,,
2021-11-10,680.0,701.0,676.2999877929688,686.6500244140625,673.7206420898438,1784031,643.5499877929688,,
2021-11-11,687.0,713.4000244140625,687.0,695.0,681.9134521484375,2305663,643.5499877929688,,
2021-11-12,701.0,703.0999755859375,670.2000122070312,679.9500122070312,667.1468505859375,1816218,643.5499877929688,,
2021-11-15,685.0999755859375,700.0,684.0,690.2999877929688,677.3018188476562,1495935,679.9500122070312,,
2021-11-16,695.7999877929688,720.9000244140625,692.5,712.5999755859375,699.1819458007812,2855058,679.9500122070312,,
2021-11-17,708.4000244140625,726.0,707.5999755859375,710.9000244140625,697.5140991210938,1717766,679.9500122070312,,
2021-11-18,713.7000122070312,719.9500122070312,690.0,710.0,696.6309204101562,2185044,679.9500122070312,,
2021-11-22,716.4000244140625,723.7999877929688,681.3499755859375,696.3499755859375,683.2379760742188,2997923,710.0,,
2021-11-23,690.0,749.0,687.9000244140625,738.7000122070312,724.7905883789062,3179965,710.0,,
2021-11-24,748.0999755859375,769.4000244140625,734.0499877929688,741.8499755859375,727.8812255859375,2527904,710.0,,
2021-11-25,747.9000244140625,775.0,745.0,759.9500122070312,745.640380859375,2012494,710.0,,
2021-11-26,745.0,768.5,725.0499877929688,729.2999877929688,715.5675659179688,2200440,710.0,,
2021-11-29,725.0,747.7999877929688,676.2000122070312,743.5,729.500244140625,2865447,729.2999877929688,,
2021-11-30,750.0,770.9500122070312,736.5499877929688,748.2999877929688,734.2097778320312,1737253,729.2999877929688,,
2021-12-01,758.6500244140625,766.0,741.25,744.7000122070312,730.6775512695312,1408465,729.2999877929688,,
2021-12-02,748.7999877929688,767.0,746.0499877929688,758.9500122070312,744.6593017578125,1741210,729.2999877929688,,
2021-12-03,767.2999877929688,812.5,763.4000244140625,766.4000244140625,751.968994140625,3977053,729.2999877929688,,
2021-12-06,771.4000244140625,771.9500122070312,748.6500244140625,751.75,737.5947265625,1219012,766.4000244140625,,
2021-12-07,759.0999755859375,778.0,755.2000122070312,760.5499877929688,746.2291259765625,2180750,766.4000244140625,,
2021-12-08,772.0,778.0,763.75,771.4000244140625,756.8748168945312,1162024,766.4000244140625,,
2021-12-09,782.0,817.9000244140625,772.5999755859375,776.0,761.38818359375,5381019,766.4000244140625,,
2021-12-10,777.9500122070312,792.0,775.25,789.2999877929688,774.437744140625,1666681,766.4000244140625,,
2021-12-13,797.7000122070312,829.5,795.4000244140625,822.7000122070312,807.2088623046875,4051746,789.2999877929688,,
2021-12-14,822.4000244140625,839.9000244140625,795.0,799.5999755859375,784.543701171875,3330102,789.2999877929688,,
2021-12-15,805.7000122070312,809.9500122070312,790.7000122070312,796.7000122070312,781.6983642578125,1914028,789.2999877929688,,
2021-12-16,806.9000244140625,807.25,776.0999755859375,779.5,764.822265625,1694604,789.2999877929688,,
2021-12-17,778.5999755859375,798.9000244140625,741.25,755.8499755859375,741.6176147460938,12307302,789.2999877929688,,
2021-12-20,753.0,755.2999877929688,690.0,699.25,686.0833740234375,3720125,755.8499755859375,,
2021-12-21,714.0,728.75,704.2000122070312,709.2999877929688,695.9441528320312,1682321,755.8499755859375,,
2021-12-22,714.7999877929688,723.0,694.0,696.0999755859375,682.9927368164062,1580443,755.8499755859375,,
2021-12-23,702.9000244140625,711.0,691.9000244140625,698.5,685.3475341796875,1653715,755.8499755859375,,
2021-12-24,703.75,717.7999877929688,680.1500244140625,712.75,699.3291625976562,2108002,755.8499755859375,,
2021-12-27,712.0,716.0,694.4000244140625,704.5499877929688,691.2835083007812,1256299,712.75,,
2021-12-28,708.5,732.0,705.5,728.8499755859375,715.1260375976562,1299478,712.75,,
2021-12-29,730.0,734.5999755859375,706.25,709.4000244140625,696.0422973632812,1025937,712.75,,
2021-12-30,709.7999877929688,727.7000122070312,709.75,723.1500244140625,709.5333862304688,939497,712.75,,
2021-12-31,725.0,748.7000122070312,722.0,743.5499877929688,729.5492553710938,1533044,712.75,,
2022-01-03,743.5499877929688,750.0,736.5499877929688,740.5499877929688,726.6058349609375,801634,743.5499877929688,,
2022-01-04,745.0,778.75,744.0,754.1500244140625,739.94970703125,2515125,743.5499877929688,,
2022-01-05,753.0,755.0,736.0,738.4500122070312,724.5453491210938,859528,743.5499877929688,,
2022-01-06,732.0,735.0,718.0,732.2999877929688,718.5110473632812,1238144,743.5499877929688,,
2022-01-07,735.0999755859375,744.4000244140625,727.1500244140625,734.1500244140625,720.326171875,802851,743.5499877929688,,
2022-01-10,738.0,747.7999877929688,733.9000244140625,739.5,725.5755615234375,893975,734.1500244140625,,
2022-01-11,740.0,769.0,740.0,756.0999755859375,741.8628540039062,1570079,734.1500244140625,,
2022-01-12,763.0,776.0999755859375,741.0,759.4000244140625,745.1007690429688,2075189,734.1500244140625,,
2022-01-13,759.0,759.4000244140625,746.0,751.75,737.5947265625,805465,734.1500244140625,,
2022-01-14,748.9500122070312,766.0,745.1500244140625,756.25,742.010009765625,605337,734.1500244140625,,
2022-01-17,763.0,794.7999877929688,762.0,770.25,755.7464599609375,1816236,756.25,,
2022-01-18,774.0,789.7999877929688,764.0,770.7000122070312,756.18798828125,1800340,756.25,,
2022-01-19,770.9500122070312,770.9500122070312,737.0499877929688,739.3499755859375,725.4282836914062,1244871,756.25,,
2022-01-20,739.2999877929688,744.7999877929688,720.0,736.1500244140625,722.2886352539062,1261565,756.25,,
2022-01-21,720.0499877929688,724.7999877929688,693.1500244140625,702.1500244140625,688.9287719726562,2285011,756.25,,
2022-01-24,703.9000244140625,703.9000244140625,606.7999877929688,651.1500244140625,638.8890380859375,5574120,702.1500244140625,,
2022-01-25,631.3499755859375,646.7999877929688,616.7999877929688,627.25,615.4390258789062,3610984,702.1500244140625,,
2022-01-27,615.0,621.7999877929688,600.0,602.9000244140625,591.547607421875,3135738,702.1500244140625,,
2022-01-28,611.5,656.0,611.25,625.4500122070312,613.6729736328125,3524513,702.1500244140625,,
2022-01-31,643.0,649.8499755859375,635.5,642.3499755859375,630.2546997070312,1175644,625.4500122070312,,
2022-02-01,653.5999755859375,669.0499877929688,643.0,663.9000244140625,651.3989868164062,1886495,625.4500122070312,,
2022-02-02,640.0,679.9000244140625,640.0,675.6500244140625,662.927734375,2360278,625.4500122070312,,
2022-02-03,680.5,699.5,670.2999877929688,686.4500122070312,673.5243530273438,1969604,625.4500122070312,,
2022-02-04,688.0,689.5,667.7999877929688,682.0499877929688,669.207275390625,895020,625.4500122070312,,
2022-02-07,680.9500122070312,683.7000122070312,655.0,659.8499755859375,647.4251708984375,846598,682.0499877929688,,
2022-02-08,668.25,671.7000122070312,622.0499877929688,625.4000244140625,613.6240234375,1824482,682.0499877929688,,
2022-02-09,635.5,650.0,627.7000122070312,648.0499877929688,635.8474731445312,995602,682.0499877929688,,
2022-02-10,651.7000122070312,655.7000122070312,637.2000122070312,643.0499877929688,630.9415283203125,447740,682.0499877929688,,
2022-02-11,632.0,637.9000244140625,627.5,631.75,620.5975341796875,658919,682.0499877929688,,
2022-02-14,568.5499877929688,621.9000244140625,568.5499877929688,603.5999755859375,592.9443359375,1723385,631.75,,
2022-02-15,621.0,659.7000122070312,595.5999755859375,652.3499755859375,640.8338012695312,1867264,631.75,,
2022-02-16,660.0,667.6500244140625,642.4000244140625,651.25,639.7532348632812,1181020,631.75,,
2022-02-17,652.5999755859375,663.6500244140625,650.0,657.1500244140625,645.5491333007812,886645,631.75,,
2022-02-18,647.0,663.0,644.0499877929688,656.5999755859375,645.0087890625,622948,631.75,,
2022-02-21,646.0,665.0,632.0,656.2000122070312,644.6158447265625,1012168,656.5999755859375,,
2022-02-22,615.0,651.7999877929688,615.0,634.25,623.0533447265625,1054831,656.5999755859375,,
2022-02-23,642.7000122070312,652.1500244140625,634.0499877929688,637.5499877929688,626.2951049804688,484541,656.5999755859375,,
2022-02-24,605.0,619.0,582.0,595.9000244140625,585.3804321289062,2836671,656.5999755859375,,
2022-02-25,620.0,656.0,609.9500122070312,649.9500122070312,638.4761352539062,1181586,656.5999755859375,,
2022-02-28,637.5999755859375,640.9500122070312,615.0,636.0999755859375,624.8707275390625,1566616,649.9500122070312,,
2022-03-02,621.0,642.2999877929688,618.0,621.7999877929688,610.8231201171875,931155,649.9500122070312,,
2022-03-03,630.0,636.0,602.5,604.25,593.5829467773438,1293754,649.9500122070312,,
2022-03-04,599.9000244140625,610.0,581.5999755859375,589.7999877929688,579.3880615234375,1918007,649.9500122070312,,
2022-03-07,560.5,583.8499755859375,553.0,572.4500122070312,562.3443603515625,2575682,589.7999877929688,,
2022-03-08,577.7999877929688,589.5999755859375,562.9500122070312,569.5,559.4464721679688,1159673,589.7999877929688,,
2022-03-09,576.0,578.3499755859375,566.2000122070312,573.1500244140625,563.031982421875,1195925,589.7999877929688,,
2022-03-10,593.1500244140625,613.5,592.0,602.3499755859375,591.7164306640625,1709998,589.7999877929688,,
2022-03-11,603.0,620.0,595.7000122070312,616.7000122070312,605.8131713867188,828712,589.7999877929688,,
2022-03-14,620.0,623.9500122070312,608.9500122070312,612.9500122070312,602.12939453125,640797,616.7000122070312,,
2022-03-15,616.0,644.6500244140625,612.5,631.8499755859375,620.6957397460938,1877698,616.7000122070312,,
2022-03-16,643.0,654.7999877929688,635.0999755859375,644.5,633.1224365234375,926758,616.7000122070312,,
2022-03-17,661.0,698.7000122070312,651.0499877929688,684.5,672.416259765625,1850118,616.7000122070312,,
2022-03-21,694.8499755859375,706.5999755859375,672.0999755859375,674.5999755859375,662.6909790039062,1255407,684.5,,
2022-03-22,676.25,678.8499755859375,652.0,668.2000122070312,656.404052734375,1176575,684.5,,
2022-03-23,675.0999755859375,694.1500244140625,670.5999755859375,689.3499755859375,677.1806640625,1372047,684.5,,
2022-03-24,684.0,686.8499755859375,671.0999755859375,675.2000122070312,663.280517578125,527577,684.5,,
2022-03-25,680.0,684.4000244140625,660.0,662.3499755859375,650.6572875976562,601930,684.5,,
2022-03-28,669.7999877929688,672.5499877929688,654.0,658.7999877929688,647.1699829101562,891747,662.3499755859375,,
2022-03-29,664.0,678.7999877929688,659.8499755859375,663.0999755859375,651.39404296875,930464,662.3499755859375,,
2022-03-30,672.2999877929688,700.0,662.0,677.75,665.785400390625,943762,662.3499755859375,,
2022-03-31,685.0,688.9000244140625,672.0,679.4500122070312,667.4553833007812,696997,662.3499755859375,,
2022-04-01,674.8499755859375,679.4000244140625,654.0499877929688,656.75,645.1561279296875,1720968,662.3499755859375,,
2022-04-04,663.7000122070312,668.4000244140625,659.0499877929688,663.0,651.2958374023438,666813,656.75,,
2022-04-05,671.25,683.2999877929688,662.2999877929688,677.25,665.294189453125,1419194,656.75,,
2022-04-06,672.0,676.4000244140625,666.0,667.9500122070312,656.1585083007812,597461,656.75,,
2022-04-07,667.2999877929688,667.3499755859375,646.0,649.5,638.0340576171875,841032,656.75,,
2022-04-08,652.0,664.25,644.7000122070312,654.9500122070312,643.3880004882812,654966,656.75,,
2022-04-11,657.7999877929688,661.25,645.0,647.8499755859375,636.4132690429688,840097,654.9500122070312,,
2022-04-12,645.0,648.7999877929688,628.75,630.5999755859375,619.4677124023438,560583,654.9500122070312,,
2022-04-13,634.7000122070312,638.9000244140625,619.0499877929688,620.9000244140625,609.9390258789062,563403,654.9500122070312,,
2022-04-18,613.5,629.9500122070312,610.9000244140625,622.5499877929688,611.5597534179688,578215,620.9000244140625,,
2022-04-19,625.9500122070312,653.7999877929688,625.2999877929688,633.2999877929688,622.1201171875,1199844,620.9000244140625,,
2022-04-20,642.0,664.0,638.2000122070312,661.5499877929688,649.8713989257812,1498343,620.9000244140625,,
2022-04-21,666.7000122070312,668.8499755859375,652.3499755859375,664.7000122070312,652.9658203125,689551,620.9000244140625,,
2022-04-22,656.7000122070312,683.3499755859375,648.0999755859375,671.25,659.4002685546875,1153895,620.9000244140625,,
2022-04-25,664.0999755859375,679.7999877929688,654.9500122070312,666.75,654.9796142578125,1015207,671.25,,
2022-04-26,676.0,688.0,669.3499755859375,674.5999755859375,662.6909790039062,977933,671.25,,
2022-04-27,665.0,669.0,651.0,656.9500122070312,645.3527221679688,1121708,671.25,,
2022-04-28,661.7999877929688,664.4000244140625,649.0,652.25,640.735595703125,484866,671.25,,
2022-04-29,656.0,658.5,630.9500122070312,635.5499877929688,624.3304443359375,473280,671.25,,
2022-05-02,627.0,639.7999877929688,621.5,633.8499755859375,622.660400390625,407152,635.5499877929688,,
2022-05-04,634.9000244140625,638.4000244140625,606.0999755859375,611.0499877929688,600.262939453125,569404,635.5499877929688,,
2022-05-05,622.0,635.5999755859375,611.25,613.8499755859375,603.0134887695312,581135,635.5499877929688,,
2022-05-06,612.5,619.0499877929688,590.5,595.0999755859375,584.5944213867188,1737332,635.5499877929688,,
2022-05-09,586.4500122070312,608.7999877929688,576.0499877929688,600.6500244140625,590.0465698242188,992665,595.0999755859375,,
2022-05-10,604.9500122070312,614.5,568.5,571.8499755859375,561.7548828125,1106500,595.0999755859375,,
2022-05-11,576.9000244140625,589.2999877929688,543.25,562.8499755859375,552.9136962890625,1327842,595.0999755859375,,
2022-05-12,562.8499755859375,577.9500122070312,552.3499755859375,568.9500122070312,558.9060668945312,1497236,595.0999755859375,,
2022-05-13,577.9500122070312,588.0,561.0499877929688,569.2000122070312,559.1516723632812,914750,595.0999755859375,,
2022-05-16,572.2000122070312,578.0,551.0999755859375,554.4000244140625,544.6129150390625,562176,569.2000122070312,,
2022-05-17,559.7000122070312,592.7000122070312,558.25,587.2999877929688,576.9321899414062,1061209,569.2000122070312,,
2022-05-18,586.0,586.4000244140625,559.9000244140625,562.2000122070312,552.2753295898438,794398,569.2000122070312,,
2022-05-19,550.0,554.5499877929688,526.5,537.25,527.7657470703125,1686255,569.2000122070312,,
2022-05-20,550.0,573.0,549.0,555.2999877929688,545.4970703125,1149255,569.2000122070312,,
2022-05-23,555.0,570.7999877929688,536.8499755859375,539.0499877929688,529.5339965820312,1047932,555.2999877929688,,
2022-05-24,545.0,554.4500122070312,540.7000122070312,550.5499877929688,540.8309326171875,461334,555.2999877929688,,
2022-05-25,548.5,554.3499755859375,530.0499877929688,533.2999877929688,523.885498046875,527089,555.2999877929688,,
2022-05-26,537.0,544.0999755859375,519.0499877929688,534.5,525.0642700195312,580401,555.2999877929688,,
2022-05-27,541.2000122070312,544.4000244140625,531.2000122070312,537.9500122070312,528.453369140625,711093,555.2999877929688,,
2022-05-30,544.75,553.9000244140625,541.5499877929688,549.3499755859375,539.652099609375,469648,537.9500122070312,,
2022-05-31,548.0,578.0,541.7000122070312,557.4000244140625,547.5599975585938,1369582,537.9500122070312,,
2022-06-01,556.9000244140625,574.9500122070312,554.0,571.9000244140625,561.8040771484375,640133,537.9500122070312,,
2022-06-02,567.4000244140625,575.9000244140625,560.3499755859375,573.2000122070312,563.0810546875,338945,537.9500122070312,,
2022-06-03,578.0,589.0,569.5,573.0,562.8847045898438,744038,537.9500122070312,,
2022-06-06,572.0,582.5999755859375,568.2999877929688,578.25,568.0419311523438,623473,573.0,,
2022-06-07,573.75,590.0,568.0499877929688,586.8499755859375,576.489990234375,542790,573.0,,
2022-06-08,589.4000244140625,600.5,579.0,595.1500244140625,584.6435546875,1617768,573.0,,
2022-06-09,587.7000122070312,599.4000244140625,587.7000122070312,594.0,583.5137939453125,820716,573.0,,
2022-06-10,588.9000244140625,609.0,585.5499877929688,601.5499877929688,590.9306640625,1013739,573.0,,
2022-06-13,586.0,603.5,575.5,601.2999877929688,590.6849365234375,688622,601.5499877929688,,
2022-06-14,593.0,606.0,586.2999877929688,597.9000244140625,587.3450927734375,624706,601.5499877929688,,
2022-06-15,599.75,605.9000244140625,595.0,599.5999755859375,589.014892578125,382991,601.5499877929688,,
2022-06-16,608.2000122070312,608.2000122070312,565.0,569.5,559.4464721679688,614077,601.5499877929688,,
2022-06-17,569.0,584.75,551.25,566.7999877929688,556.7940673828125,711925,601.5499877929688,,
2022-06-20,565.0,572.2999877929688,540.2999877929688,547.4000244140625,537.736572265625,835391,566.7999877929688,,
2022-06-21,550.9000244140625,569.6500244140625,550.9000244140625,562.2999877929688,552.37353515625,488006,566.7999877929688,,
2022-06-22,562.0,562.0,536.5,539.8499755859375,530.3198852539062,714472,566.7999877929688,,
2022-06-23,543.9000244140625,573.75,542.75,555.7999877929688,545.98828125,1214419,566.7999877929688,,
2022-06-24,564.3499755859375,584.4000244140625,562.0,580.0499877929688,569.8102416992188,786721,566.7999877929688,,
2022-06-27,592.2000122070312,592.2000122070312,578.6500244140625,581.75,571.4801635742188,452498,580.0499877929688,,
2022-06-28,582.7999877929688,582.7999877929688,565.2000122070312,568.25,558.218505859375,451025,580.0499877929688,,
2022-06-29,564.1500244140625,567.8499755859375,557.0,559.2999877929688,550.1719970703125,413427,580.0499877929688,,
2022-06-30,560.0,564.9000244140625,552.0,553.7999877929688,544.76171875,714487,580.0499877929688,,
2022-07-01,551.0999755859375,570.0,547.0,567.7000122070312,558.4349975585938,352045,580.0499877929688,,
2022-07-04,568.7000122070312,573.7000122070312,564.8499755859375,568.0,558.72998046875,259032,567.7000122070312,,
2022-07-05,570.4000244140625,575.9000244140625,557.1500244140625,560.0999755859375,550.9588623046875,279933,567.7000122070312,,
2022-07-06,558.0,574.7000122070312,556.4500122070312,568.5499877929688,559.27099609375,546867,567.7000122070312,,
2022-07-07,577.0,579.0,563.2000122070312,566.8499755859375,557.5986938476562,587293,567.7000122070312,,
2022-07-08,569.0,576.4000244140625,562.75,567.4500122070312,558.1889038085938,287332,567.7000122070312,,
2022-07-11,566.0999755859375,578.7999877929688,562.0,576.75,567.3372192382812,305882,567.4500122070312,,
2022-07-12,574.0999755859375,574.0999755859375,563.0,570.25,560.9432983398438,503229,567.4500122070312,,
2022-07-13,573.2000122070312,584.3499755859375,571.0999755859375,580.7000122070312,571.2227783203125,1022214,567.4500122070312,,
2022-07-14,582.7999877929688,586.6500244140625,567.25,574.9500122070312,565.5665893554688,340303,567.4500122070312,,
2022-07-15,572.5,576.0999755859375,566.75,570.2000122070312,560.8941040039062,382733,567.4500122070312,,
2022-07-18,575.0,578.3499755859375,568.5999755859375,570.0999755859375,560.7957153320312,380407,570.2000122070312,,
2022-07-19,571.75,577.6500244140625,566.8499755859375,569.9000244140625,560.5990600585938,277087,570.2000122070312,,
2022-07-20,578.5,586.7999877929688,570.0,572.7000122070312,563.353271484375,481299,570.2000122070312,,
2022-07-21,576.3499755859375,584.0,572.0499877929688,578.7999877929688,569.3536987304688,491512,570.2000122070312,,
2022-07-22,582.9000244140625,583.5,573.0,575.2000122070312,565.8125610351562,625301,570.2000122070312,,
2022-07-25,576.9000244140625,576.9500122070312,562.4000244140625,569.9000244140625,560.5990600585938,410441,575.2000122070312,,
2022-07-26,565.9000244140625,565.9000244140625,549.7000122070312,552.8499755859375,543.8272094726562,692010,575.2000122070312,,
2022-07-27,555.2000122070312,556.9500122070312,545.9000244140625,550.0,541.0237426757812,416401,575.2000122070312,,
2022-07-28,557.4000244140625,566.4000244140625,550.5,563.6500244140625,554.4509887695312,439012,575.2000122070312,,
2022-07-29,550.0,575.7999877929688,547.6500244140625,568.3499755859375,559.07421875,1036849,575.2000122070312,,
2022-08-01,571.4000244140625,604.0,565.9000244140625,596.2000122070312,586.4697875976562,1906169,568.3499755859375,,
2022-08-02,596.2000122070312,601.4500122070312,584.9000244140625,586.9000244140625,577.321533203125,677706,568.3499755859375,,
2022-08-03,590.25,590.25,579.0,585.0,575.4525756835938,283997,568.3499755859375,,
2022-08-04,588.9000244140625,607.0,574.0,576.0,566.599365234375,1081124,568.3499755859375,,
2022-08-05,576.0,581.6500244140625,554.5,557.6500244140625,548.5489501953125,898065,568.3499755859375,,
2022-08-08,563.5,571.5499877929688,558.0,561.5,552.3361206054688,499586,557.6500244140625,,
2022-08-10,566.9000244140625,573.7000122070312,562.25,567.4000244140625,558.1397705078125,689194,557.6500244140625,,
2022-08-11,574.4000244140625,575.9000244140625,559.0999755859375,562.0499877929688,552.8770751953125,389471,557.6500244140625,,
2022-08-12,562.0499877929688,572.4500122070312,557.5499877929688,569.8499755859375,560.5498046875,397496,557.6500244140625,,
2022-08-16,574.5,574.5999755859375,558.3499755859375,570.3499755859375,561.0415649414062,954535,569.8499755859375,600.2725011189779,0.0
2022-08-17,574.7000122070312,576.0,528.2999877929688,539.0999755859375,530.3016967773438,4916238,569.8499755859375,600.2725011189779,0.0
2022-08-18,521.5999755859375,534.5,507.2000122070313,518.0999755859375,509.6443786621094,59249131,569.8499755859375,600.2725011189779,0.0
2022-08-19,525.0,529.5,519.0499877929688,520.8499755859375,512.3494873046875,7051059,569.8499755859375,600.2725011189779,0.4335529921489078
2022-08-22,521.1500244140625,532.2999877929688,516.0499877929688,523.5,514.9562377929688,5928548,520.8499755859375,602.8750005086263,0.0
2022-08-23,523.5,537.7000122070312,518.2000122070312,532.7000122070312,524.0061645507812,10059261,520.8499755859375,602.8750005086263,0.0
2022-08-24,535.0,537.3499755859375,524.25,527.5999755859375,518.9893188476562,2350280,520.8499755859375,602.8750005086263,0.0
2022-08-25,529.9500122070312,532.7000122070312,521.8499755859375,523.9000244140625,515.3497924804688,1721705,520.8499755859375,602.8750005086263,0.0
2022-08-26,526.7000122070312,535.6500244140625,521.3499755859375,530.7999877929688,522.1370849609375,3274520,520.8499755859375,602.8750005086263,0.423940771184088
2022-08-29,516.6500244140625,525.3499755859375,516.0,519.0999755859375,510.6280212402344,2278442,530.7999877929688,605.4308334350586,0.0
2022-08-30,523.4500122070312,524.9000244140625,520.0,522.0,513.4807739257812,1590405,530.7999877929688,605.4308334350586,0.0
2022-09-01,518.7999877929688,528.4000244140625,518.0,526.9500122070312,518.3499755859375,2096736,530.7999877929688,605.4308334350586,0.0
2022-09-02,526.0,528.5499877929688,520.2000122070312,524.0,515.4480590820312,1200849,530.7999877929688,605.4308334350586,0.2801035625674372
2022-09-05,523.0999755859375,528.5,520.5999755859375,522.7000122070312,514.1693725585938,1129613,524.0,607.1266667683919,0.0
2022-09-06,523.5499877929688,525.5,517.0,519.7999877929688,511.3166809082031,1034390,524.0,607.1266667683919,0.0
2022-09-07,517.2000122070312,533.3499755859375,517.2000122070312,526.9000244140625,518.30078125,1508878,524.0,607.1266667683919,0.0
2022-09-08,530.0,532.3499755859375,524.0,525.2999877929688,516.726806640625,905092,524.0,607.1266667683919,0.0
2022-09-09,529.0,532.9500122070312,524.3499755859375,527.0,518.3990478515625,1164759,524.0,607.1266667683919,0.34451899103694467
2022-09-12,528.7999877929688,531.0,524.7000122070312,525.75,517.1694946289062,1272764,527.0,609.2183334350586,0.0
2022-09-13,529.7000122070312,548.4000244140625,526.5499877929688,544.0999755859375,535.219970703125,4624251,527.0,609.2183334350586,0.0
2022-09-14,534.1500244140625,538.7999877929688,528.0,529.0,520.3665161132812,2033856,527.0,609.2183334350586,0.0
2022-09-15,532.7999877929688,533.4000244140625,524.0,526.2000122070312,517.6121215820312,977265,527.0,609.2183334350586,0.0
2022-09-16,525.0,525.6500244140625,508.1000061035156,515.4500122070312,507.0376892089844,1525714,527.0,609.2183334350586,0.2522358218362765
2022-09-19,516.5,519.8499755859375,513.0499877929688,515.0,506.5949401855469,2096604,515.4500122070312,610.7550003051758,0.0
2022-09-20,517.5999755859375,524.5,513.1500244140625,514.5999755859375,506.2015075683594,736927,515.4500122070312,610.7550003051758,0.0
2022-09-21,514.5,517.0499877929688,486.2000122070313,497.8999938964844,489.7740783691406,2126465,515.4500122070312,610.7550003051758,0.0
2022-09-22,499.0,499.6499938964844,468.6499938964844,479.1499938964844,471.330078125,5021056,515.4500122070312,610.7550003051758,0.0
2022-09-23,482.0499877929688,493.8999938964844,469.4500122070313,475.0,467.2477722167969,2880334,515.4500122070312,610.7550003051758,0.09755684898782377
2022-09-26,474.8999938964844,475.0,462.3999938964844,468.1499938964844,460.5095825195313,1773741,475.0,611.3508336385091,0.0
2022-09-27,475.0,480.6000061035156,460.6499938964844,464.6000061035156,457.0174865722656,1161414,475.0,611.3508336385091,0.0
2022-09-28,461.0,473.7999877929688,458.1000061035156,462.2000122070313,454.6567077636719,1110128,475.0,611.3508336385091,0.0
2022-09-29,465.3999938964844,472.3500061035156,463.5,468.8500061035156,461.1981201171875,766933,475.0,611.3508336385091,0.0
2022-09-30,468.8500061035156,468.9500122070313,455.25,463.75,456.181396484375,1474819,475.0,611.3508336385091,0.14258039987094068
2022-10-03,463.75,466.8999938964844,453.0,459.6000061035156,452.0991516113281,1075149,463.75,612.2225001017252,0.0
2022-10-04,465.0499877929688,472.9500122070313,460.0,468.6499938964844,461.0014343261719,1823809,463.75,612.2225001017252,0.0
2022-10-06,471.0,484.1499938964844,470.3500061035156,474.1499938964844,466.41162109375,991262,463.75,612.2225001017252,0.0
2022-10-07,473.5,477.75,468.1000061035156,471.5,463.8049011230469,712017,463.75,612.2225001017252,-0.08248631771382657
2022-10-10,466.0,469.2999877929688,464.0,465.2999877929688,457.7060852050781,458055,471.5,611.7175003051758,0.0
2022-10-11,467.0,471.0,459.0,461.0499877929688,453.52545166015625,561126,471.5,611.7175003051758,0.0
2022-10-12,461.5,465.5499877929688,455.25,462.9500122070313,455.3945007324219,458927,471.5,611.7175003051758,0.0
2022-10-13,462.9500122070313,465.75,456.2999877929688,460.5,452.9844665527344,350358,471.5,611.7175003051758,0.0
2022-10-14,469.8999938964844,469.9500122070313,458.1000061035156,459.8999938964844,452.3942260742188,480156,471.5,611.7175003051758,-0.017573504664634112
2022-10-17,459.3999938964844,466.0499877929688,454.1499938964844,460.0499877929688,452.541748046875,520984,459.8999938964844,611.6100001017253,0.0
2022-10-18,462.0499877929688,467.5,459.6000061035156,464.5,456.9191284179688,686749,459.8999938964844,611.6100001017253,0.0
2022-10-19,465.0,489.0,465.0,485.5499877929688,477.6256103515625,2722881,459.8999938964844,611.6100001017253,0.0
2022-10-20,479.0,497.0499877929688,479.0,484.2000122070313,476.2976684570313,1226234,459.8999938964844,611.6100001017253,0.0
2022-10-21,486.7999877929688,490.2999877929688,473.1000061035156,477.3999938964844,469.6086120605469,925647,459.8999938964844,611.6100001017253,0.008720104012147723
2022-10-24,477.3999938964844,477.3999938964844,477.3999938964844,477.3999938964844,469.6086120605469,0,477.3999938964844,611.6633331298829,0.0
2022-10-25,483.6000061035156,493.5,480.4500122070313,482.1499938964844,474.2810974121094,714531,477.3999938964844,611.6633331298829,0.0
2022-10-27,484.0,487.6000061035156,477.0,478.75,470.93658447265625,474318,477.3999938964844,611.6633331298829,0.0
2022-10-28,481.1499938964844,482.3500061035156,461.3500061035156,464.2000122070313,456.62408447265625,838347,477.3999938964844,611.6633331298829,-0.16757584515572696
2022-10-31,472.0,475.75,460.75,465.3999938964844,457.804443359375,1420328,464.2000122070313,610.6383331298828,0.0
2022-11-01,467.75,485.8999938964844,467.2000122070313,474.7000122070313,466.9526977539063,1789945,464.2000122070313,610.6383331298828,0.0
2022-11-02,475.2000122070313,477.7999877929688,467.4500122070313,470.7999877929688,463.1163330078125,780153,464.2000122070313,610.6383331298828,0.0
2022-11-03,469.9500122070313,470.6000061035156,465.0,466.1499938964844,458.5422058105469,486106,464.2000122070313,610.6383331298828,0.0
2022-11-04,468.5,471.8500061035156,460.1000061035156,460.8999938964844,453.3778991699219,782112,464.2000122070313,610.6383331298828,-0.24455284806708505
2022-11-07,463.6499938964844,466.6499938964844,458.0,459.5,452.0007629394531,697925,460.8999938964844,609.1449996948243,0.0
2022-11-09,463.0,464.7000122070313,453.6499938964844,459.3500061035156,451.8532104492188,1012733,460.8999938964844,609.1449996948243,0.0
2022-11-10,458.5,458.9500122070313,451.0,455.5,448.0660095214844,825030,460.8999938964844,609.1449996948243,0.0
2022-11-11,460.0,464.6000061035156,456.5499877929688,458.1499938964844,450.6727600097656,637913,460.8999938964844,609.1449996948243,-0.307124550459568
2022-11-14,459.4500122070313,463.4500122070313,454.0,455.25,447.8201293945313,597332,458.1499938964844,607.2741658528646,0.0
2022-11-15,457.5499877929688,457.5499877929688,445.2999877929688,448.5499877929688,441.22943115234375,1041576,458.1499938964844,607.2741658528646,0.0
2022-11-16,445.2999877929688,450.7000122070313,443.2000122070313,446.6000061035156,439.311279296875,827672,458.1499938964844,607.2741658528646,0.0
2022-11-17,446.0,449.7999877929688,438.1499938964844,445.1499938964844,437.8849487304688,1107407,458.1499938964844,607.2741658528646,0.0
2022-11-18,446.0,456.8999938964844,442.0,445.6499938964844,438.3767395019531,845530,458.1499938964844,607.2741658528646,-0.30834509468972
2022-11-21,443.0,446.7999877929688,435.0,437.7999877929688,430.6548767089844,648285,445.6499938964844,605.4016657511394,0.0
2022-11-22,438.9500122070313,439.9500122070313,432.3500061035156,436.0499877929688,428.9334411621094,437919,445.6499938964844,605.4016657511394,0.0
2022-11-23,438.0,441.9500122070313,426.2999877929688,429.3999938964844,422.3919982910156,679720,445.6499938964844,605.4016657511394,0.0
2022-11-24,430.8999938964844,456.0,427.3999938964844,446.0,438.7210693359375,1627143,445.6499938964844,605.4016657511394,0.0
2022-11-25,446.0,446.5,438.3999938964844,442.5499877929688,435.3273620605469,730082,445.6499938964844,605.4016657511394,-0.33035918352133076
2022-11-28,441.7999877929688,454.0,439.7000122070313,450.8999938964844,443.5411071777344,888688,442.5499877929688,603.4016657511394,0.0
2022-11-29,451.2000122070313,453.9500122070313,447.1000061035156,450.5499877929688,443.1968383789063,864644,442.5499877929688,603.4016657511394,0.0
2022-11-30,452.8500061035156,461.3500061035156,450.5,454.4500122070313,447.0331726074219,1169346,442.5499877929688,603.4016657511394,0.0
2022-12-01,458.7000122070313,465.2999877929688,454.2000122070313,463.2000122070313,455.6404113769531,1278107,442.5499877929688,603.4016657511394,0.0
2022-12-02,463.1499938964844,467.8999938964844,458.5,462.0499877929688,454.5091247558594,1217995,442.5499877929688,603.4016657511394,-0.4665218156792491
2022-12-05,463.7999877929688,463.7999877929688,457.0,459.8500061035156,452.3450622558594,727687,462.0499877929688,600.5866653442383,0.0
2022-12-06,457.5,463.5499877929688,456.9500122070313,459.8500061035156,452.3450622558594,420514,462.0499877929688,600.5866653442383,0.0
2022-12-07,461.0,461.7999877929688,456.0499877929688,460.1000061035156,452.5909423828125,384704,462.0499877929688,600.5866653442383,0.0
2022-12-08,460.1000061035156,461.75,446.4500122070313,448.8999938964844,441.5737609863281,927236,462.0499877929688,600.5866653442383,0.0
2022-12-09,450.5,456.75,437.0,438.1499938964844,430.9991760253906,614169,462.0499877929688,600.5866653442383,-0.8796954955587367
2022-12-12,440.0,440.0,430.0499877929688,437.3500061035156,430.2122802734375,489233,438.1499938964844,595.3033315022786,0.0
2022-12-13,438.8999938964844,452.0,438.3999938964844,449.8999938964844,442.5574645996094,933723,438.1499938964844,595.3033315022786,0.0
2022-12-14,452.0,483.2999877929688,452.0,479.2000122070313,471.3792419433594,2354167,438.1499938964844,595.3033315022786,0.0
2022-12-15,483.0,483.5499877929688,461.5,463.7999877929688,456.2305908203125,1195554,438.1499938964844,595.3033315022786,0.0
2022-12-16,461.3999938964844,461.3999938964844,451.2000122070313,452.5,445.1149597167969,731978,438.1499938964844,595.3033315022786,-0.45802973299085975
2022-12-19,453.0,466.0,449.0499877929688,458.25,450.7711791992188,927631,452.5,592.5766652425131,0.0
2022-12-20,457.5499877929688,460.4500122070313,451.25,453.2999877929688,445.9019470214844,400423,452.5,592.5766652425131,0.0
2022-12-21,454.25,456.6499938964844,432.1499938964844,435.8999938964844,428.7859191894531,1000645,452.5,592.5766652425131,0.0
2022-12-22,438.0,438.8999938964844,421.2999877929688,423.1499938964844,416.2439880371094,940087,452.5,592.5766652425131,0.0
2022-12-23,421.0,421.9500122070313,399.3500061035156,400.5499877929688,394.0128784179688,1400061,452.5,592.5766652425131,-0.695128126903537
2022-12-26,403.0,417.8500061035156,398.0499877929688,410.7000122070313,403.9971923828125,1217228,400.5499877929688,588.4574981689453,0.0
2022-12-27,414.7000122070313,425.5,411.0,424.1499938964844,417.2276916503906,685653,400.5499877929688,588.4574981689453,0.0
2022-12-28,422.5,429.7000122070313,418.0,418.8999938964844,412.0633544921875,634721,400.5499877929688,588.4574981689453,0.0
2022-12-29,415.7000122070313,423.8500061035156,410.8999938964844,416.3500061035156,409.5549926757813,672200,400.5499877929688,588.4574981689453,0.0
2022-12-30,421.1000061035156,428.3999938964844,416.6499938964844,419.5,412.6535949707031,624097,400.5499877929688,588.4574981689453,-0.6345685924362391
2023-01-02,422.7000122070313,424.7000122070313,417.8500061035156,419.2000122070313,412.35845947265625,280976,419.5,584.7233317057292,0.0
2023-01-03,419.2999877929688,425.1499938964844,414.5499877929688,415.4500122070313,408.669677734375,556703,419.5,584.7233317057292,0.0
2023-01-04,417.0,417.7000122070313,409.0499877929688,410.2999877929688,403.6037292480469,641742,419.5,584.7233317057292,0.0
2023-01-05,413.2000122070313,418.6000061035156,407.3500061035156,415.0,408.22705078125,618502,419.5,584.7233317057292,0.0
2023-01-06,416.2999877929688,429.25,410.7999877929688,417.5,410.6861877441406,1544225,419.5,584.7233317057292,-0.7480746248583989
2023-01-09,420.0,425.3500061035156,416.5,422.5,415.6046447753906,888013,417.5,580.349164835612,0.0
2023-01-10,446.0,458.7999877929688,432.0,447.4500122070313,440.14739990234375,9739902,417.5,580.349164835612,0.0
2023-01-11,453.7000122070313,453.7000122070313,425.2999877929688,427.2000122070313,420.2279357910156,3476828,417.5,580.349164835612,0.0
2023-01-12,429.75,435.75,425.5,428.4500122070313,421.45751953125,1427849,417.5,580.349164835612,0.0
2023-01-13,429.8999938964844,429.8999938964844,417.2000122070313,425.6499938964844,418.7032165527344,1278612,417.5,580.349164835612,-0.8166061149987697
2023-01-16,428.5,430.9500122070313,419.1000061035156,420.5499877929688,413.6864318847656,578596,425.6499938964844,575.6099980672201,0.0
2023-01-17,422.7999877929688,422.7999877929688,416.1000061035156,418.3500061035156,411.5223693847656,638196,425.6499938964844,575.6099980672201,0.0
2023-01-18,418.3500061035156,421.0,416.25,420.25,413.391357421875,659637,425.6499938964844,575.6099980672201,0.0
2023-01-19,417.0,419.8999938964844,411.0,414.0499877929688,407.2925109863281,899465,425.6499938964844,575.6099980672201,0.0
2023-01-20,416.0,416.0,407.1000061035156,407.9500122070313,401.29205322265625,641090,425.6499938964844,575.6099980672201,-0.9304621087917311
2023-01-23,409.8999938964844,419.0,409.0499877929688,417.75,410.93212890625,481372,407.9500122070313,570.2541651407878,0.0
2023-01-24,419.8999938964844,436.0,416.3999938964844,432.6000061035156,425.539794921875,1309441,407.9500122070313,570.2541651407878,0.0
2023-01-25,441.0,461.0,436.6000061035156,455.0,447.57421875,5392461,407.9500122070313,570.2541651407878,0.0
2023-01-27,455.75,464.8500061035156,445.0,451.6000061035156,444.2297058105469,2139821,407.9500122070313,570.2541651407878,-0.9200576326430114
2023-01-30,453.0,454.8999938964844,438.4500122070313,441.6499938964844,434.4420776367188,1194183,451.6000061035156,565.0074981689453,0.0
2023-01-31,444.5,455.0,443.4500122070313,450.0,442.6557922363281,1012769,451.6000061035156,565.0074981689453,0.0
2023-02-01,453.1000061035156,469.6000061035156,441.0,456.5499877929688,449.098876953125,2373206,451.6000061035156,565.0074981689453,0.0
2023-02-02,455.0,460.4500122070313,447.2999877929688,451.1000061035156,443.7378540039063,1345041,451.6000061035156,565.0074981689453,0.0
2023-02-03,454.0,454.0,442.5,444.7999877929688,438.7856750488281,724849,451.6000061035156,565.0074981689453,-1.016210702561302
2023-02-06,441.0,477.8999938964844,441.0,471.3999938964844,466.3681335449219,3185014,444.7999877929688,559.2658315022786,0.0
2023-02-07,473.7000122070313,475.0,450.0,458.0,453.1111450195313,1520621,444.7999877929688,559.2658315022786,0.0
2023-02-08,459.0,473.5,458.5,468.8999938964844,463.8948059082031,1125693,444.7999877929688,559.2658315022786,0.0
2023-02-09,465.0,470.3500061035156,456.1499938964844,464.8999938964844,459.9375,583335,444.7999877929688,559.2658315022786,0.0
2023-02-10,464.0,473.2000122070313,460.1000061035156,462.7999877929688,457.8598937988281,632416,444.7999877929688,559.2658315022786,-0.8733175152317992
2023-02-13,463.5,466.75,450.0,452.7000122070313,447.8677368164063,477173,462.7999877929688,554.3816650390625,0.0
2023-02-14,454.7000122070313,455.0,444.6000061035156,450.1000061035156,445.2954711914063,505324,462.7999877929688,554.3816650390625,0.0
2023-02-15,448.9500122070313,464.7000122070313,447.2000122070313,461.2999877929688,456.3759460449219,1247283,462.7999877929688,554.3816650390625,0.0
2023-02-16,463.6499938964844,471.0,462.0,463.9500122070313,458.9976806640625,870826,462.7999877929688,554.3816650390625,0.0
2023-02-17,462.6499938964844,470.5,460.1000061035156,462.7000122070313,457.760986328125,489871,462.7999877929688,554.3816650390625,-0.7517383887967898
2023-02-20,463.0,477.7999877929688,461.1000061035156,472.0499877929688,467.01116943359375,1169223,462.7000122070313,550.214165242513,0.0
2023-02-21,474.2000122070313,477.7999877929688,463.2999877929688,465.7999877929688,460.827880859375,630296,462.7000122070313,550.214165242513,0.0
2023-02-22,463.2999877929688,468.7000122070313,455.3500061035156,457.2000122070313,452.3197021484375,420361,462.7000122070313,550.214165242513,0.0
2023-02-23,458.0,471.8999938964844,457.3999938964844,463.8999938964844,458.94818115234375,772032,462.7000122070313,550.214165242513,0.0
2023-02-24,464.0,468.0499877929688,458.5,460.8999938964844,455.9801940917969,565478,462.7000122070313,550.214165242513,-0.8561817432547713
2023-02-27,460.5,460.7999877929688,438.0,454.2999877929688,449.4506530761719,646184,460.8999938964844,545.503332010905,0.0
2023-02-28,456.1000061035156,462.0,445.1000061035156,448.1000061035156,443.3168640136719,381050,460.8999938964844,545.503332010905,0.0
2023-03-01,451.3500061035156,463.0,450.0,459.9500122070313,455.0403442382813,448273,460.8999938964844,545.503332010905,0.0
2023-03-02,461.2000122070313,466.5499877929688,451.2999877929688,453.2000122070313,448.3623962402344,743257,460.8999938964844,545.503332010905,0.0
2023-03-03,457.75,464.7000122070313,454.0,455.8500061035156,450.9841003417969,525246,460.8999938964844,545.503332010905,-0.850285115841681
2023-03-06,455.8500061035156,462.5499877929688,454.25,457.8999938964844,453.0122375488281,538671,455.8500061035156,540.8649983723958,0.0
2023-03-08,456.6499938964844,463.7000122070313,451.25,452.75,447.9171752929688,645986,455.8500061035156,540.8649983723958,0.0
2023-03-09,454.0,459.9500122070313,445.0499877929688,446.5,441.7339172363281,704236,455.8500061035156,540.8649983723958,0.0
2023-03-10,445.8999938964844,454.2000122070313,434.0499877929688,436.2999877929688,431.6427917480469,1205611,455.8500061035156,540.8649983723958,-0.9859207416818289
2023-03-13,414.25,424.8999938964844,403.2999877929688,406.2000122070313,401.8641052246094,13269484,436.2999877929688,535.5324981689453,0.0
2023-03-14,415.5,436.3999938964844,410.1000061035156,431.3999938964844,426.7951049804688,12142642,436.2999877929688,535.5324981689453,0.0
2023-03-15,439.0,441.8999938964844,418.0,423.0499877929688,418.5342102050781,5340688,436.2999877929688,535.5324981689453,0.0
2023-03-16,423.0499877929688,424.0,406.7999877929688,413.6499938964844,409.2345581054688,3489547,436.2999877929688,535.5324981689453,0.0
2023-03-17,419.0,423.5499877929688,411.5,418.5,414.0328063964844,3624778,436.2999877929688,535.5324981689453,-0.8827662976691223
2023-03-20,418.0,418.3999938964844,401.25,404.2999877929688,399.984375,1790040,418.5,530.8049977620443,0.0
2023-03-21,405.8500061035156,411.0,405.0,409.25,404.8815307617188,2179679,418.5,530.8049977620443,0.0
2023-03-22,410.0,415.7000122070313,410.0,413.7000122070313,409.2840270996094,1256764,418.5,530.8049977620443,0.0
2023-03-23,414.3500061035156,424.3999938964844,411.0,413.5499877929688,409.1356201171875,1654842,418.5,530.8049977620443,0.0
2023-03-24,414.1000061035156,418.7999877929688,406.75,410.75,406.3655090332031,1176131,418.5,530.8049977620443,-0.6741333544090081
2023-03-27,411.8999938964844,415.6000061035156,405.0,414.6000061035156,410.1744384765625,1343413,410.75,527.2266642252604,0.0
2023-03-28,413.0,413.8999938964844,401.1000061035156,404.2000122070313,399.8854370117188,1970141,410.75,527.2266642252604,0.0
2023-03-29,405.8999938964844,416.0,405.0,414.75,410.3228149414063,1781834,410.75,527.2266642252604,0.0
2023-03-31,418.0,424.5,412.0,413.5,409.0861511230469,1387772,410.75,527.2266642252604,-0.8489390680685339
2023-04-03,415.7000122070313,422.1499938964844,414.7999877929688,419.9500122070313,415.4673156738281,1074114,413.5,522.7508310953776,0.0
2023-04-05,421.0,424.3999938964844,419.1000061035156,421.75,417.24810791015625,928669,413.5,522.7508310953776,0.0
2023-04-06,421.7000122070313,426.7000122070313,417.2000122070313,423.2999877929688,418.7815551757813,755991,413.5,522.7508310953776,-0.6645932753157716
2023-04-10,426.0,427.0,417.8999938964844,418.75,414.2801513671875,589290,423.2999877929688,519.2766642252604,0.0
2023-04-11,421.0,425.6499938964844,420.0,422.6499938964844,418.1384582519531,1076902,423.2999877929688,519.2766642252604,0.0
2023-04-12,423.0499877929688,441.0,422.6499938964844,432.0499877929688,427.4381713867188,2123272,423.2999877929688,519.2766642252604,0.0
2023-04-13,434.25,445.8999938964844,431.0,444.3500061035156,439.60687255859375,2568253,423.2999877929688,519.2766642252604,-0.681235983644972
2023-04-17,443.8999938964844,462.25,437.6000061035156,459.2000122070313,454.29833984375,3113424,444.3500061035156,515.7391647338867,0.0
2023-04-18,461.1499938964844,470.8999938964844,458.3999938964844,468.1000061035156,463.1033630371094,3283950,444.3500061035156,515.7391647338867,0.0
2023-04-19,468.8999938964844,468.8999938964844,457.0499877929688,464.75,459.78912353515625,1081397,444.3500061035156,515.7391647338867,0.0
2023-04-20,461.0,479.8500061035156,461.0,477.6499938964844,472.5514221191406,3508797,444.3500061035156,515.7391647338867,0.0
2023-04-21,476.8500061035156,477.6000061035156,462.3500061035156,466.3500061035156,461.3720397949219,1073677,444.3500061035156,515.7391647338867,-0.5933231972607964
2023-04-24,466.75,468.0,453.3500061035156,457.7999877929688,452.9132690429688,973271,466.3500061035156,512.6791646321615,0.0
2023-04-25,460.0,467.0,457.7999877929688,459.6499938964844,454.7435302734375,704092,466.3500061035156,512.6791646321615,0.0
2023-04-26,459.6499938964844,465.9500122070313,456.2000122070313,464.9500122070313,459.9869995117188,847880,466.3500061035156,512.6791646321615,0.0
2023-04-27,465.0,473.3999938964844,462.25,470.7000122070313,465.6755981445313,703216,466.3500061035156,512.6791646321615,0.0
2023-04-28,474.9500122070313,490.0,474.3500061035156,480.0,474.8763427734375,2607948,466.3500061035156,512.6791646321615,-0.35694834563103034
2023-05-02,483.5,494.0,483.0,487.1499938964844,481.9500122070313,2112246,480.0,510.849164835612,0.0
2023-05-03,485.8999938964844,498.7000122070313,482.5499877929688,489.5,484.27490234375,1185103,480.0,510.849164835612,0.0
2023-05-04,503.0,507.3500061035156,488.4500122070313,497.75,492.4368896484375,3966042,480.0,510.849164835612,0.0
2023-05-05,497.5,511.6000061035156,492.6000061035156,500.2999877929688,494.9596252441406,2906461,480.0,510.849164835612,-0.37975992532459735
2023-05-08,504.75,527.4000244140625,502.7999877929688,520.0,514.4493408203125,5157621,500.2999877929688,508.90916442871094,0.0
2023-05-09,520.9500122070312,527.3499755859375,516.2000122070312,521.7000122070312,516.1312255859375,4720804,500.2999877929688,508.90916442871094,0.0
2023-05-10,523.9000244140625,545.0,519.5999755859375,539.4000244140625,533.642333984375,5824799,500.2999877929688,508.90916442871094,0.0
2023-05-11,545.25,554.2000122070312,538.1500244140625,547.25,541.408447265625,6443101,500.2999877929688,508.90916442871094,0.0
2023-05-12,570.0,574.0,530.0,534.0,528.2999267578125,9554296,500.2999877929688,508.90916442871094,-0.49288429225854474
2023-05-15,536.0,552.0,524.25,546.5999755859375,540.765380859375,4609617,534.0,506.4008310953776,0.0
2023-05-16,548.5,554.5,541.0,542.9000244140625,537.10498046875,3025986,534.0,506.4008310953776,0.0
2023-05-17,544.3499755859375,544.3499755859375,528.0,532.8499755859375,527.1621704101562,2825295,534.0,506.4008310953776,0.0
2023-05-18,535.0,537.6500244140625,520.0,521.5499877929688,515.9828491210938,2651993,534.0,506.4008310953776,0.0
2023-05-19,523.0999755859375,544.75,518.0,535.7999877929688,530.0806884765625,4011432,534.0,506.4008310953776,-0.416501382640677
2023-05-22,535.0,542.2999877929688,527.5499877929688,528.8499755859375,523.2048950195312,2036828,535.7999877929688,504.2916646321615,0.0
2023-05-23,532.75,544.7000122070312,528.5,529.8499755859375,524.1941528320312,2501404,535.7999877929688,504.2916646321615,0.0
2023-05-24,529.9500122070312,539.4500122070312,527.4000244140625,531.9000244140625,526.2223510742188,2403036,535.7999877929688,504.2916646321615,0.0
2023-05-25,533.2000122070312,541.5999755859375,525.75,528.3499755859375,522.7102661132812,2665334,535.7999877929688,504.2916646321615,0.0
2023-05-26,532.9000244140625,547.7999877929688,530.0499877929688,539.1500244140625,533.39501953125,3362864,535.7999877929688,504.2916646321615,-0.3886638884917204
2023-05-29,540.4500122070312,552.5999755859375,535.0,536.5,530.773193359375,3976323,539.1500244140625,502.3316650390625,0.0
2023-05-30,544.7000122070312,544.7000122070312,532.0,533.0999755859375,527.409423828125,4055275,539.1500244140625,502.3316650390625,0.0
2023-05-31,511.8999938964844,573.4500122070312,503.0,541.5499877929688,535.769287109375,81135054,539.1500244140625,502.3316650390625,0.0
2023-06-01,539.0,547.0,525.5,530.2000122070312,524.5404663085938,5829695,539.1500244140625,502.3316650390625,0.0
2023-06-02,536.0,537.0499877929688,528.0999755859375,531.75,526.0739135742188,2220700,539.1500244140625,502.3316650390625,-0.40876052211921915
2023-06-05,534.6500244140625,538.6500244140625,525.0499877929688,529.0499877929688,523.4027099609375,1934956,531.75,500.27833150227866,0.0
2023-06-06,531.7000122070312,534.9000244140625,523.9500122070312,528.0499877929688,522.4133911132812,1404825,531.75,500.27833150227866,0.0
2023-06-07,529.9000244140625,534.6500244140625,528.3499755859375,532.9500122070312,527.2611694335938,1519065,531.75,500.27833150227866,0.0
2023-06-08,534.0,544.0,528.5499877929688,530.5999755859375,524.9362182617188,2628912,531.75,500.27833150227866,0.0
2023-06-09,533.4000244140625,540.0,529.0999755859375,535.3499755859375,529.6354370117188,3872644,531.75,500.27833150227866,-0.2850081759195586
2023-06-12,535.7000122070312,537.4500122070312,527.1500244140625,528.8499755859375,523.2048950195312,1088532,535.3499755859375,498.8524973551432,0.0
2023-06-13,532.0,534.2000122070312,528.0999755859375,529.6500244140625,523.996337890625,1020347,535.3499755859375,498.8524973551432,0.0
2023-06-14,531.7999877929688,531.7999877929688,508.0,509.8500061035156,504.4076843261719,2256756,535.3499755859375,498.8524973551432,0.0
2023-06-15,512.2999877929688,518.9000244140625,512.2999877929688,514.4000244140625,508.9091491699219,1019204,535.3499755859375,498.8524973551432,0.0
2023-06-16,517.5999755859375,522.9000244140625,514.0999755859375,520.0,514.4493408203125,1214715,535.3499755859375,498.8524973551432,-0.5053263934125766
2023-06-19,521.75,530.0,520.0999755859375,522.4500122070312,516.8731689453125,1182382,520.0,496.3316640218099,0.0
2023-06-20,522.5999755859375,524.7999877929688,514.5999755859375,515.7999877929688,510.2941284179688,816671,520.0,496.3316640218099,0.0
2023-06-21,518.0,524.7999877929688,508.0,512.8499755859375,507.3756713867188,1682425,520.0,496.3316640218099,0.0
2023-06-22,516.0,521.0,512.3499755859375,514.0,508.5133972167969,725732,520.0,496.3316640218099,0.0
2023-06-23,516.0,516.9000244140625,505.2999877929688,506.8999938964844,501.48919677734375,668179,520.0,496.3316640218099,-0.432002775637383
2023-06-26,508.5,518.0,508.4500122070313,516.3499755859375,510.83831787109375,1286593,506.8999938964844,494.18749745686847,0.0
2023-06-27,519.9000244140625,522.4000244140625,516.5499877929688,519.8499755859375,514.3009643554688,802623,506.8999938964844,494.18749745686847,0.0
2023-06-28,523.7000122070312,529.8499755859375,513.2000122070312,514.9000244140625,509.40380859375,1842935,506.8999938964844,494.18749745686847,0.0
2023-06-30,516.9000244140625,517.9000244140625,508.1000061035156,515.8499755859375,513.39013671875,1292014,506.8999938964844,494.18749745686847,-0.2672737250801463
2023-07-03,516.0499877929688,520.0,514.0499877929688,514.8499755859375,512.3948974609375,788224,515.8499755859375,492.86666412353514,0.0
2023-07-04,516.3499755859375,516.8499755859375,508.5,509.8999938964844,507.4685363769531,776522,515.8499755859375,492.86666412353514,0.0
2023-07-05,511.0,517.25,509.0499877929688,515.7999877929688,513.3403930664062,866807,515.8499755859375,492.86666412353514,0.0
2023-07-06,515.7999877929688,527.0,515.7999877929688,523.9500122070312,521.4515380859375,1385717,515.8499755859375,492.86666412353514,0.0
2023-07-07,528.0,540.0,524.0499877929688,535.2999877929688,532.7473754882812,3616985,515.8499755859375,492.86666412353514,-0.11463554913087692
2023-07-10,537.2000122070312,543.8499755859375,532.0,534.2999877929688,531.7521362304688,2035474,535.2999877929688,492.3016637166341,0.0
2023-07-11,540.0,548.7999877929688,538.1500244140625,540.1500244140625,537.5743408203125,2123513,535.2999877929688,492.3016637166341,0.0
2023-07-12,542.0499877929688,549.4000244140625,540.9000244140625,542.8499755859375,540.2614135742188,1847684,535.2999877929688,492.3016637166341,0.0
2023-07-13,545.7000122070312,550.7999877929688,533.0,542.4000244140625,539.8135986328125,1612941,535.2999877929688,492.3016637166341,0.0
2023-07-14,548.0,552.0,543.25,547.25,544.6404418945312,1312952,535.2999877929688,492.3016637166341,-0.027252896568176043
2023-07-17,549.2000122070312,551.4500122070312,539.25,544.4000244140625,541.8040161132812,1182995,547.25,492.167497253418,0.0
2023-07-18,547.0,549.0,537.0999755859375,543.3499755859375,540.7589721679688,862210,547.25,492.167497253418,0.0
2023-07-19,543.9000244140625,557.2000122070312,543.9000244140625,553.9500122070312,551.3084716796875,2227259,547.25,492.167497253418,0.0
2023-07-20,555.9000244140625,565.0,555.0,563.4000244140625,560.7135009765625,1854360,547.25,492.167497253418,0.0
2023-07-21,565.0,581.0,560.5499877929688,572.0999755859375,569.3718872070312,2413588,547.25,492.167497253418,0.11564478749436602
2023-07-24,573.9000244140625,583.2000122070312,566.0,580.7999877929688,578.0303955078125,2398697,572.0999755859375,492.73666330973305,0.0
2023-07-25,587.0,598.0,585.9500122070312,594.7000122070312,591.8641967773438,2169996,572.0999755859375,492.73666330973305,0.0
2023-07-26,596.7999877929688,603.9000244140625,591.0,597.2999877929688,594.4517822265625,2446274,572.0999755859375,492.73666330973305,0.0
2023-07-27,597.5999755859375,605.0,586.2999877929688,591.5499877929688,588.7291870117188,1311424,572.0999755859375,492.73666330973305,0.0
2023-07-28,596.9000244140625,605.25,561.25,565.0999755859375,562.4052734375,3698927,572.0999755859375,492.73666330973305,-0.02672159053138891
2023-07-31,555.7999877929688,575.2999877929688,555.7999877929688,570.0999755859375,567.3814697265625,1651725,565.0999755859375,492.6049962361654,0.0
2023-08-01,575.0,575.0,565.0999755859375,567.0499877929688,564.3460083007812,1037389,565.0999755859375,492.6049962361654,0.0
2023-08-02,566.0,568.75,547.0,554.5999755859375,551.9553833007812,1355336,565.0999755859375,492.6049962361654,0.0
2023-08-03,549.0499877929688,567.5,549.0499877929688,563.4500122070312,560.7632446289062,1425261,565.0999755859375,492.6049962361654,0.0
2023-08-04,565.0,566.5,549.0999755859375,557.75,555.0903930664062,638424,565.0999755859375,492.6049962361654,-0.14819171590365748
2023-08-07,557.75,560.0,553.2999877929688,556.5499877929688,553.8960571289062,569876,557.75,491.87499643961587,0.0
2023-08-08,557.7999877929688,561.9500122070312,552.5,556.5,553.8463134765625,981629,557.75,491.87499643961587,0.0
2023-08-09,556.5,560.3499755859375,553.3499755859375,554.5,551.8558959960938,540961,557.75,491.87499643961587,0.0
2023-08-10,555.0,562.4500122070312,554.5,560.3499755859375,557.677978515625,724768,557.75,491.87499643961587,0.0
2023-08-11,560.0,560.0,554.0999755859375,555.6500244140625,553.0004272460938,1169346,557.75,491.87499643961587,-0.037780477626807474
2023-08-14,554.9500122070312,554.9500122070312,535.1500244140625,549.7000122070312,547.0787353515625,1954468,555.6500244140625,491.68916371663414,0.0
2023-08-16,550.0,560.0,548.0499877929688,554.5,551.8558959960938,1074965,555.6500244140625,491.68916371663414,0.0
2023-08-17,555.0999755859375,571.5999755859375,555.0999755859375,566.9000244140625,564.19677734375,1689856,555.6500244140625,491.68916371663414,0.0
2023-08-18,569.0,576.5,565.0,566.8499755859375,564.14697265625,1444993,555.6500244140625,491.68916371663414,-0.04474375676444908
2023-08-21,570.0499877929688,594.9000244140625,570.0499877929688,590.9000244140625,588.082275390625,2154652,566.8499755859375,491.4691635131836,0.0
2023-08-22,596.9000244140625,616.3499755859375,593.1500244140625,611.3499755859375,608.4347534179688,3295859,566.8499755859375,491.4691635131836,0.0
2023-08-23,619.3499755859375,625.9500122070312,581.0499877929688,586.7999877929688,584.0018310546875,3431091,566.8499755859375,491.4691635131836,0.0
2023-08-24,591.0,599.75,587.0999755859375,589.0,586.1913452148438,1217431,566.8499755859375,491.4691635131836,0.0
2023-08-25,590.0,590.0,573.2000122070312,585.9500122070312,583.1558837890625,1151562,566.8499755859375,491.4691635131836,0.06188926778077668
2023-08-28,589.4000244140625,594.4000244140625,585.3499755859375,590.3499755859375,587.5348510742188,582820,585.9500122070312,491.77333017985023,0.0
2023-08-29,590.3499755859375,593.7000122070312,578.0999755859375,579.9500122070312,577.1845092773438,1190928,585.9500122070312,491.77333017985023,0.0
2023-08-30,580.9500122070312,584.4000244140625,573.5999755859375,579.4000244140625,576.6371459960938,1245028,585.9500122070312,491.77333017985023,0.0
2023-08-31,581.9500122070312,605.75,578.0499877929688,595.5999755859375,592.7598266601562,3932793,585.9500122070312,491.77333017985023,0.0
2023-09-01,597.75,598.9500122070312,587.75,592.25,589.4258422851562,831685,585.9500122070312,491.77333017985023,0.08404952129707699
2023-09-04,596.0,597.7999877929688,582.1500244140625,583.25,580.46875,1018935,592.25,492.1866633097331,0.0
2023-09-05,589.8499755859375,593.6500244140625,578.0,578.9000244140625,576.1395263671875,876543,592.25,492.1866633097331,0.0
2023-09-06,583.9500122070312,587.0,573.0499877929688,575.0499877929688,572.307861328125,765700,592.25,492.1866633097331,0.0
2023-09-07,578.7000122070312,593.6500244140625,575.5,583.6500244140625,580.8668823242188,1182455,592.25,492.1866633097331,0.0
2023-09-08,588.5,593.0,581.1500244140625,591.9000244140625,589.0775756835938,745266,592.25,492.1866633097331,0.07348164773200674
2023-09-11,594.5499877929688,608.0,587.4500122070312,605.2999877929688,602.41357421875,1645727,591.9000244140625,492.54833017985027,0.0
2023-09-12,607.5,610.0,579.0499877929688,583.6500244140625,580.8668823242188,1654348,591.9000244140625,492.54833017985027,0.0
2023-09-13,584.0,586.5,566.0499877929688,571.5999755859375,568.874267578125,1863052,591.9000244140625,492.54833017985027,0.0
2023-09-14,587.0,594.4000244140625,582.0499877929688,587.0,584.2008666992188,934075,591.9000244140625,492.54833017985027,0.0
2023-09-15,589.7000122070312,601.75,582.5499877929688,599.25,596.3924560546875,1521844,591.9000244140625,492.54833017985027,0.08137945158324897
2023-09-18,598.0,600.0,587.0,598.9000244140625,596.0441284179688,1034472,599.25,492.9491633097331,0.0
2023-09-20,593.0,612.9000244140625,585.8499755859375,603.2000122070312,600.3236083984375,1783825,599.25,492.9491633097331,0.0
2023-09-21,598.0,618.0,585.2999877929688,590.9500122070312,588.132080078125,1867914,599.25,492.9491633097331,0.0
2023-09-22,596.5999755859375,596.5999755859375,579.0499877929688,580.0499877929688,577.2839965820312,606387,599.25,492.9491633097331,0.039557872893267634
2023-09-25,582.6500244140625,585.75,567.5,569.4000244140625,566.684814453125,1152480,580.0499877929688,493.14416351318357,0.0
2023-09-26,571.5999755859375,584.9000244140625,571.4000244140625,577.2999877929688,574.547119140625,878926,580.0499877929688,493.14416351318357,0.0
2023-09-27,579.9000244140625,593.0,577.2999877929688,590.4000244140625,587.5846557617188,623755,580.0499877929688,493.14416351318357,0.0
2023-09-28,594.0,595.75,577.0,579.8499755859375,577.0849609375,549407,580.0499877929688,493.14416351318357,0.0
2023-09-29,583.0,587.0999755859375,580.0,583.4000244140625,580.6180419921875,409420,580.0499877929688,493.14416351318357,0.08702661380178761
2023-10-03,583.2999877929688,586.9500122070312,576.5999755859375,585.2000122070312,582.4094848632812,483018,583.4000244140625,493.57333017985025,0.0
2023-10-04,581.0,585.0,572.1500244140625,573.0,570.2676391601562,699871,583.4000244140625,493.57333017985025,0.0
2023-10-05,577.0,579.9000244140625,570.5,572.5499877929688,569.81982421875,652691,583.4000244140625,493.57333017985025,0.0
2023-10-06,573.7999877929688,577.9000244140625,568.0,569.0999755859375,566.3861694335938,807264,583.4000244140625,493.57333017985025,-0.002532551747768428
2023-10-09,565.4000244140625,566.0,550.2999877929688,555.0999755859375,552.4530029296875,1172173,569.0999755859375,493.56083017985026,0.0
2023-10-10,558.0,563.0,551.5,554.25,551.6070556640625,1008953,569.0999755859375,493.56083017985026,0.0
2023-10-11,558.8499755859375,568.5999755859375,556.0999755859375,559.6500244140625,556.9813232421875,996464,569.0999755859375,493.56083017985026,0.0
2023-10-12,563.75,565.9500122070312,557.2999877929688,560.5999755859375,557.9267578125,475700,569.0999755859375,493.56083017985026,0.0
2023-10-13,558.9500122070312,561.7000122070312,557.1500244140625,560.0999755859375,557.4290771484375,357793,569.0999755859375,493.56083017985026,0.13254023144995583
2023-10-16,560.0499877929688,563.5999755859375,557.7000122070312,559.6500244140625,556.9813232421875,277010,560.0999755859375,494.21499684651695,0.0
2023-10-17,561.5,563.6500244140625,555.0,559.4500122070312,556.7822265625,594822,560.0999755859375,494.21499684651695,0.0
2023-10-18,562.9500122070312,563.4000244140625,551.5,558.5999755859375,555.936279296875,578227,560.0999755859375,494.21499684651695,0.0
2023-10-19,555.0999755859375,558.2000122070312,548.6500244140625,549.4000244140625,546.7802124023438,500130,560.0999755859375,494.21499684651695,0.0
2023-10-20,549.4000244140625,551.0499877929688,535.9000244140625,540.5,537.922607421875,1321108,560.0999755859375,494.21499684651695,0.03271185033816257
2023-10-23,544.5,545.9000244140625,502.8999938964844,508.9500122070313,506.5231018066406,1531268,540.5,494.37666371663414,0.0
2023-10-25,511.25,517.0,488.1000061035156,512.75,510.304931640625,1626925,540.5,494.37666371663414,0.0
2023-10-26,520.0,553.0499877929688,518.9000244140625,546.1500244140625,543.5457153320312,8247071,540.5,494.37666371663414,0.0
2023-10-27,546.1500244140625,563.4000244140625,545.0,551.2000122070312,548.5716552734375,1816563,540.5,494.37666371663414,0.09169800479167785
2023-10-30,554.4000244140625,555.2000122070312,542.3499755859375,546.5499877929688,543.9437255859375,989644,551.2000122070312,494.82999725341796,0.0
2023-10-31,550.0499877929688,557.0499877929688,540.1500244140625,541.5,538.9178466796875,1400438,551.2000122070312,494.82999725341796,0.0
2023-11-01,542.9000244140625,551.0,540.6500244140625,542.5499877929688,539.9628295898438,561655,551.2000122070312,494.82999725341796,0.0
2023-11-02,544.5,548.7999877929688,539.75,541.4500122070312,538.8681030273438,591842,551.2000122070312,494.82999725341796,0.0
2023-11-03,543.5,549.9000244140625,540.2999877929688,548.4500122070312,545.834716796875,784444,551.2000122070312,494.82999725341796,0.07224707585126983
2023-11-06,551.6500244140625,560.0,547.1500244140625,556.1500244140625,553.4979858398438,580483,548.4500122070312,495.18749745686847,0.0
2023-11-07,559.4000244140625,565.0,555.0499877929688,563.9500122070312,561.2608032226562,1020888,548.4500122070312,495.18749745686847,0.0
2023-11-08,567.7000122070312,567.75,558.3499755859375,562.5999755859375,559.9171752929688,498569,548.4500122070312,495.18749745686847,0.0
2023-11-09,562.8499755859375,566.6500244140625,555.2000122070312,565.2999877929688,562.6043090820312,721273,548.4500122070312,495.18749745686847,0.0
2023-11-10,565.0,568.4500122070312,561.2999877929688,565.25,562.5545654296875,736785,548.4500122070312,495.18749745686847,0.16761323757407282
2023-11-13,570.0,572.75,558.0,559.9500122070312,557.2798461914062,738903,565.25,496.01749725341796,0.0
2023-11-15,568.9500122070312,592.9500122070312,564.25,588.25,585.4449462890625,2325445,565.25,496.01749725341796,0.0
2023-11-16,592.7000122070312,603.9000244140625,575.5999755859375,579.2000122070312,576.4381103515625,1868117,565.25,496.01749725341796,0.0
2023-11-17,580.4000244140625,590.5999755859375,577.1500244140625,585.7999877929688,583.006591796875,1018975,565.25,496.01749725341796,0.3722986534631593
2023-11-20,586.4000244140625,592.0,575.5999755859375,579.25,576.4878540039062,487724,585.7999877929688,497.8641637166341,0.0
2023-11-21,580.9500122070312,598.4000244140625,568.9000244140625,585.5,582.7080688476562,1656263,585.7999877929688,497.8641637166341,0.0
2023-11-22,586.9500122070312,588.5999755859375,574.25,578.1500244140625,575.39306640625,860263,585.7999877929688,497.8641637166341,0.0
2023-11-23,579.6500244140625,582.9000244140625,572.0,575.75,573.0045776367188,479014,585.7999877929688,497.8641637166341,0.0
2023-11-24,575.9000244140625,577.7000122070312,566.9500122070312,568.1500244140625,565.4407958984375,986656,585.7999877929688,497.8641637166341,0.349493001045041
2023-11-28,572.4000244140625,573.4000244140625,555.5,558.25,555.5880126953125,1375997,568.1500244140625,499.60416412353516,0.0
2023-11-29,563.0,564.7000122070312,551.25,554.7999877929688,552.1544189453125,1285471,568.1500244140625,499.60416412353516,0.0
2023-11-30,555.5999755859375,562.5999755859375,551.5,558.0,555.3391723632812,3660273,568.1500244140625,499.60416412353516,0.0
2023-12-01,563.5,566.0,556.0,562.1500244140625,559.4694213867188,2072845,568.1500244140625,499.60416412353516,0.3024061544572709
2023-12-04,565.0,571.7999877929688,559.0,562.3499755859375,559.6683959960938,1681465,562.1500244140625,501.11499786376953,0.0
2023-12-05,562.7999877929688,579.9500122070312,562.5499877929688,578.75,575.990234375,1670248,562.1500244140625,501.11499786376953,0.0
2023-12-06,583.0,585.5,569.0999755859375,572.3499755859375,569.6206665039062,836932,562.1500244140625,501.11499786376953,0.0
2023-12-07,575.4000244140625,584.5499877929688,573.0499877929688,577.25,574.4973754882812,837733,562.1500244140625,501.11499786376953,0.0
2023-12-08,580.0,583.2999877929688,570.2999877929688,571.7999877929688,569.0733642578125,706183,562.1500244140625,501.11499786376953,0.3721700420512541
2023-12-11,571.7999877929688,573.0,566.25,570.0,567.281982421875,378595,571.7999877929688,502.97999776204426,0.0
2023-12-12,570.0,571.7000122070312,554.0499877929688,557.75,555.0903930664062,878426,571.7999877929688,502.97999776204426,0.0
2023-12-13,562.5999755859375,562.5999755859375,552.5999755859375,555.9500122070312,553.2989501953125,807360,571.7999877929688,502.97999776204426,0.0
2023-12-14,559.5999755859375,562.25,555.3499755859375,558.0999755859375,555.4386596679688,552515,571.7999877929688,502.97999776204426,0.0
2023-12-15,560.0,562.6500244140625,548.5,552.7999877929688,550.1639404296875,1254239,571.7999877929688,502.97999776204426,0.24984424242173522
2023-12-18,556.5,570.7999877929688,552.9500122070312,562.7000122070312,560.0167236328125,1685214,552.7999877929688,504.2366643269857,0.0
2023-12-19,564.7000122070312,567.7999877929688,559.0999755859375,560.3499755859375,557.677978515625,1918653,552.7999877929688,504.2366643269857,0.0
2023-12-20,564.0,567.5,534.25,538.0,535.4345092773438,2182459,552.7999877929688,504.2366643269857,0.0
2023-12-21,538.0,573.75,531.5999755859375,571.4000244140625,568.67529296875,3442828,552.7999877929688,504.2366643269857,0.0
2023-12-22,575.0,580.9000244140625,571.6500244140625,577.0,574.2485961914062,1187816,552.7999877929688,504.2366643269857,0.3728407570398937
2023-12-26,579.9500122070312,589.7999877929688,576.0,578.8499755859375,576.0897216796875,962004,577.0,506.11666412353514,0.0
2023-12-27,582.0,625.7000122070312,581.0,614.5,611.5697631835938,10419288,577.0,506.11666412353514,0.0
2023-12-28,618.0,636.8499755859375,608.0,631.7999877929688,628.7872314453125,7406636,577.0,506.11666412353514,0.0
2023-12-29,639.0499877929688,651.6500244140625,633.0999755859375,644.5,641.4266967773438,4121670,577.0,506.11666412353514,0.6046037047652676
2024-01-01,646.0,657.9000244140625,639.5999755859375,645.6500244140625,642.5712280273438,2080698,644.5,509.1766642252604,0.0
2024-01-02,646.0,651.7000122070312,630.0,641.7000122070312,638.6400756835938,1783141,644.5,509.1766642252604,0.0
2024-01-03,643.5,643.8499755859375,630.0999755859375,638.0499877929688,635.0074462890625,1062492,644.5,509.1766642252604,0.0
2024-01-04,640.25,669.9500122070312,638.3499755859375,648.5,645.4075927734375,3434482,644.5,509.1766642252604,0.0
2024-01-05,650.8499755859375,662.8499755859375,644.1500244140625,647.0999755859375,644.0142822265625,1446002,644.5,509.1766642252604,0.6184820677676766
2024-01-08,648.0,649.25,635.5,638.0999755859375,635.0571899414062,801005,647.0999755859375,512.3258305867513,0.0
2024-01-09,641.0999755859375,646.5,632.1500244140625,637.5499877929688,634.5098266601562,956631,647.0999755859375,512.3258305867513,0.0
2024-01-10,640.0,643.0,611.0499877929688,614.7000122070312,611.768798828125,2299073,647.0999755859375,512.3258305867513,0.0
2024-01-11,617.5,624.5,605.0499877929688,606.7000122070312,603.8069458007812,2528881,647.0999755859375,512.3258305867513,0.0
2024-01-12,607.2999877929688,611.4000244140625,602.6500244140625,605.3499755859375,602.4633178710938,1518070,647.0999755859375,512.3258305867513,0.5195260911288798
2024-01-15,605.3499755859375,605.3499755859375,605.3499755859375,605.3499755859375,602.4633178710938,0,605.3499755859375,514.9874969482422,0.0
2024-01-16,597.9500122070312,599.7999877929688,585.0,589.6500244140625,586.8382568359375,1419145,605.3499755859375,514.9874969482422,0.0
2024-01-17,587.5,588.75,575.0,577.0999755859375,574.3480834960938,1370375,605.3499755859375,514.9874969482422,0.0
2024-01-18,577.0,581.25,562.0999755859375,576.9500122070312,574.1987915039062,1231476,605.3499755859375,514.9874969482422,0.0
2024-01-19,581.5999755859375,587.6500244140625,574.0,584.9500122070312,582.1607055664062,1622887,605.3499755859375,514.9874969482422,0.4608526914339547
2024-01-23,590.0999755859375,591.5,571.25,579.9500122070312,577.1845092773438,1948854,584.9500122070312,517.3608306884765,0.0
2024-01-24,599.0,599.0,578.5,585.7000122070312,582.9071044921875,2193213,584.9500122070312,517.3608306884765,0.0
2024-01-25,585.25,590.5499877929688,578.5,585.4000244140625,582.6085815429688,1029950,584.9500122070312,517.3608306884765,0.39736946087493574
2024-01-29,590.0,599.0,587.0,597.2999877929688,594.4517822265625,1113808,585.4000244140625,519.4166646321614,0.0
2024-01-30,597.3499755859375,608.4000244140625,591.6500244140625,596.9000244140625,594.0536499023438,1891243,585.4000244140625,519.4166646321614,0.0
2024-01-31,596.9000244140625,620.0999755859375,593.1500244140625,618.2000122070312,615.2520751953125,2892565,585.4000244140625,519.4166646321614,0.0
2024-02-01,622.1500244140625,632.7000122070312,620.0,629.25,626.2493896484375,1660958,585.4000244140625,519.4166646321614,0.0
2024-02-02,629.4000244140625,641.0,619.25,630.3499755859375,627.3441162109375,1737527,585.4000244140625,519.4166646321614,0.6167174151846031
2024-02-05,630.3499755859375,646.2000122070312,626.1500244140625,639.5,637.9990844726562,1141079,630.3499755859375,522.619997660319,0.0
2024-02-06,635.0999755859375,646.9000244140625,625.0,631.2999877929688,629.818359375,1086519,630.3499755859375,522.619997660319,0.0
2024-02-07,635.0,636.5,621.8499755859375,627.4000244140625,625.9275512695312,567480,630.3499755859375,522.619997660319,0.0
2024-02-08,629.5,629.9500122070312,603.25,607.5499877929688,606.1240844726562,761555,630.3499755859375,522.619997660319,0.0
2024-02-09,607.0,621.8499755859375,590.7000122070312,619.3499755859375,617.8963623046875,794470,630.3499755859375,522.619997660319,0.5320946268573121
2024-02-12,627.0,627.9000244140625,585.0,593.9500122070312,592.5560302734375,613057,619.3499755859375,525.4008305867513,0.0
2024-02-13,593.9500122070312,599.1500244140625,581.25,583.4000244140625,582.03076171875,544785,619.3499755859375,525.4008305867513,0.0
2024-02-14,580.0,613.5,580.0,606.2999877929688,604.8770141601562,1259798,619.3499755859375,525.4008305867513,0.0
2024-02-15,616.1500244140625,617.5,608.3499755859375,613.2000122070312,611.7608642578125,566335,619.3499755859375,525.4008305867513,0.0
2024-02-16,616.0,626.0999755859375,611.4500122070312,613.9000244140625,612.459228515625,724514,619.3499755859375,525.4008305867513,0.6767849871333175
2024-02-19,618.0,623.2999877929688,612.0499877929688,614.7999877929688,613.3570556640625,743984,613.9000244140625,528.9566645304362,0.0
2024-02-20,619.8499755859375,656.5,618.5999755859375,639.8499755859375,638.3482666015625,5326806,613.9000244140625,528.9566645304362,0.0
2024-02-21,642.0,642.0,608.5,612.2999877929688,610.8629150390625,1516659,613.9000244140625,528.9566645304362,0.0
2024-02-22,615.0,616.9500122070312,605.7000122070312,612.9500122070312,611.5114135742188,1034652,613.9000244140625,528.9566645304362,0.0
2024-02-23,642.7999877929688,652.0,617.2999877929688,649.25,647.7261962890625,4777513,613.9000244140625,528.9566645304362,0.7239093338706428
2024-02-26,650.0,669.8499755859375,643.0499877929688,664.0999755859375,662.5413208007812,2873080,649.25,532.7858311971029,0.0
2024-02-27,666.0,694.7999877929688,665.0,688.0999755859375,686.4849853515625,4604527,649.25,532.7858311971029,0.0
2024-02-28,689.0,691.5,655.0,660.7999877929688,659.2490844726562,2014512,649.25,532.7858311971029,0.0
2024-02-29,654.0,718.8499755859375,653.0499877929688,689.3499755859375,687.7320556640625,8128571,649.25,532.7858311971029,0.0
2024-03-01,693.3499755859375,696.0,668.2000122070312,671.3499755859375,669.7742919921875,1345119,649.25,532.7858311971029,0.7940963664379266
2024-03-04,694.2000122070312,694.2000122070312,671.0,672.9500122070312,671.37060546875,1516854,671.3499755859375,537.0166641235352,0.0
2024-03-05,677.0,687.0,671.25,680.2000122070312,678.6035766601562,1165243,671.3499755859375,537.0166641235352,0.0
2024-03-06,681.0,686.7000122070312,663.1500244140625,681.2999877929688,679.7009887695312,1282712,671.3499755859375,537.0166641235352,0.0
2024-03-07,680.5,695.25,678.5,684.3499755859375,682.7438354492188,2177919,671.3499755859375,537.0166641235352,0.8028924704837536
2024-03-11,690.0,715.2000122070312,682.5499877929688,701.3499755859375,699.7039184570312,2312254,684.3499755859375,541.3283304850261,0.0
2024-03-12,703.4500122070312,708.0,679.5,686.9500122070312,685.3377685546875,1391629,684.3499755859375,541.3283304850261,0.0
2024-03-13,684.0,688.0499877929688,603.6500244140625,642.5,640.9920654296875,6954030,684.3499755859375,541.3283304850261,0.0
2024-03-14,629.2999877929688,648.0,622.0499877929688,638.9000244140625,637.4005126953125,2642690,684.3499755859375,541.3283304850261,0.0
2024-03-15,639.0,647.1500244140625,626.4000244140625,641.5999755859375,640.0941162109375,1970945,684.3499755859375,541.3283304850261,0.7193722990307749
2024-03-18,645.0,669.0999755859375,645.0,663.0499877929688,661.4938354492188,2360158,641.5999755859375,545.2224965413411,0.0
2024-03-19,664.0,664.4000244140625,648.0,653.7999877929688,652.2655029296875,1064611,641.5999755859375,545.2224965413411,0.0
2024-03-20,649.9000244140625,653.5499877929688,631.0999755859375,637.8499755859375,636.3529663085938,1353887,641.5999755859375,545.2224965413411,0.0
2024-03-21,644.8499755859375,687.7000122070312,644.5999755859375,678.9000244140625,677.306640625,3073721,641.5999755859375,545.2224965413411,0.0
2024-03-22,676.7999877929688,698.7000122070312,674.0499877929688,691.4500122070312,689.8272094726562,2338126,641.5999755859375,545.2224965413411,0.7331869332398738
2024-03-26,689.9000244140625,704.7000122070312,685.0999755859375,699.5999755859375,697.9580078125,2601520,691.4500122070312,549.2199966430665,0.0
2024-03-27,703.0,716.0,678.0,681.4500122070312,679.8506469726562,1814402,691.4500122070312,549.2199966430665,0.0
2024-03-28,685.5999755859375,711.9000244140625,671.9500122070312,705.9500122070312,704.2931518554688,1914651,691.4500122070312,549.2199966430665,0.792487606697542
2024-04-01,709.9500122070312,714.0,682.9000244140625,684.2000122070312,682.5941772460938,1313357,705.9500122070312,553.5724970499674,0.0
2024-04-02,689.5999755859375,697.6500244140625,675.0,678.2000122070312,676.6082763671875,1237754,705.9500122070312,553.5724970499674,0.0
2024-04-03,684.0999755859375,689.0,662.75,670.5,668.9263305664062,1790061,705.9500122070312,553.5724970499674,0.0
2024-04-04,680.5499877929688,680.6500244140625,662.0,663.1500244140625,661.5936279296875,1361499,705.9500122070312,553.5724970499674,0.0
2024-04-05,665.0,678.9000244140625,659.2000122070312,662.5999755859375,661.0448608398438,1073942,705.9500122070312,553.5724970499674,0.6015471892652408
2024-04-08,667.0,667.0,642.5,645.7999877929688,644.2843017578125,1321109,662.5999755859375,556.9024968465169,0.0
2024-04-09,649.4000244140625,663.3499755859375,643.0,644.0,642.488525390625,1378613,662.5999755859375,556.9024968465169,0.0
2024-04-10,650.0,673.2000122070312,645.0,651.7000122070312,650.1704711914062,2534713,662.5999755859375,556.9024968465169,0.0
2024-04-12,665.0,706.0999755859375,660.0999755859375,680.0,678.404052734375,9623414,662.5999755859375,556.9024968465169,0.6503232583305091
2024-04-15,662.0499877929688,679.0,652.0,665.9500122070312,664.3870239257812,1527913,680.0,560.5241633097331,0.0
2024-04-16,660.0,687.9000244140625,658.0999755859375,677.4000244140625,675.8101806640625,1533800,680.0,560.5241633097331,0.0
2024-04-18,688.0,691.0,673.5999755859375,677.5,675.909912109375,1354164,680.0,560.5241633097331,0.0
2024-04-19,669.9500122070312,687.7000122070312,660.0499877929688,681.25,679.651123046875,1542489,680.0,560.5241633097331,0.655190327574841
2024-04-22,671.0,680.9500122070312,656.8499755859375,661.2000122070312,659.648193359375,1125028,681.25,564.1966634114583,0.0
2024-04-23,666.0,673.7999877929688,654.25,665.0999755859375,663.5390014648438,1516622,681.25,564.1966634114583,0.0
2024-04-24,668.4500122070312,681.0,665.0499877929688,666.7999877929688,665.2349853515625,1410198,681.25,564.1966634114583,0.0
2024-04-25,666.5,673.7000122070312,659.0999755859375,667.4000244140625,665.8336181640625,1254468,681.25,564.1966634114583,0.0
2024-04-26,667.4000244140625,671.25,646.5,647.7000122070312,646.1798706054688,1311938,681.25,564.1966634114583,0.5667350250516086
2024-04-29,650.0,654.2000122070312,633.2000122070312,636.8499755859375,635.3552856445312,1663062,647.7000122070312,567.3941635131836,0.0
2024-04-30,638.8499755859375,642.0,624.0,625.3499755859375,623.8822631835938,2251053,647.7000122070312,567.3941635131836,0.0
2024-05-02,647.0,647.0,604.6500244140625,608.25,606.8224487304688,3894011,647.7000122070312,567.3941635131836,0.0
2024-05-03,614.4500122070312,620.9000244140625,607.0,610.25,608.8177490234375,2226760,647.7000122070312,567.3941635131836,0.5109617011507896
2024-05-06,615.0,619.0,605.5499877929688,606.6500244140625,605.2261962890625,796509,610.25,570.2933303833008,0.0
2024-05-07,608.0,616.5499877929688,600.2000122070312,614.2999877929688,612.8582153320312,1836754,610.25,570.2933303833008,0.0
2024-05-08,613.9000244140625,618.1500244140625,606.0,614.5,613.0578002929688,897463,610.25,570.2933303833008,0.0
2024-05-09,615.5,623.0,600.7000122070312,605.5,604.0789184570312,1644309,610.25,570.2933303833008,0.0
2024-05-10,608.4500122070312,609.4000244140625,588.0,590.2000122070312,588.8148193359375,1625619,610.25,570.2933303833008,0.5017885915295134
2024-05-13,590.9500122070312,591.5,565.0,570.6500244140625,569.3107299804688,3818228,590.2000122070312,573.154997253418,0.0
2024-05-14,571.7999877929688,582.75,567.9000244140625,579.7000122070312,578.3394775390625,1646972,590.2000122070312,573.154997253418,0.0
2024-05-15,585.9500122070312,608.0,581.4000244140625,604.5499877929688,603.131103515625,3613180,590.2000122070312,573.154997253418,0.0
2024-05-16,610.5999755859375,612.9500122070312,601.8499755859375,605.0499877929688,603.6299438476562,1031717,590.2000122070312,573.154997253418,0.0
2024-05-17,605.0499877929688,614.0,598.1500244140625,612.75,611.3118896484375,1271390,590.2000122070312,573.154997253418,0.58739201137561
2024-05-21,613.0,643.0,608.5999755859375,637.2999877929688,635.8042602539062,3302217,612.75,576.5216639200846,0.0
2024-05-22,639.7000122070312,647.9000244140625,631.0499877929688,633.0999755859375,631.6140747070312,1223389,612.75,576.5216639200846,0.0
2024-05-23,633.7999877929688,641.75,626.4000244140625,627.7000122070312,626.226806640625,935640,612.75,576.5216639200846,0.0
2024-05-24,627.6500244140625,639.4000244140625,625.9000244140625,630.4000244140625,628.9204711914062,1399970,612.75,576.5216639200846,0.6270363514738801
2024-05-27,633.75,640.5999755859375,628.0499877929688,636.2999877929688,634.8065795898438,956197,630.4000244140625,580.1366643269856,0.0
2024-05-28,638.0,643.75,617.0,620.9000244140625,619.4427490234375,783966,630.4000244140625,580.1366643269856,0.0
2024-05-29,623.4000244140625,633.2999877929688,610.5499877929688,630.7000122070312,629.2197875976562,1091008,630.4000244140625,580.1366643269856,0.0
2024-05-30,624.0,644.9000244140625,618.5,638.0499877929688,636.552490234375,1758146,630.4000244140625,580.1366643269856,0.0
2024-05-31,640.0,657.0,616.5999755859375,651.0999755859375,649.5718383789062,6813576,630.4000244140625,580.1366643269856,0.6544434607698313
2024-06-03,675.0,676.0,655.7999877929688,658.5499877929688,657.00439453125,1400844,651.0999755859375,583.9333307902018,0.0
2024-06-04,659.0,659.9500122070312,605.0,633.5,632.01318359375,2563435,651.0999755859375,583.9333307902018,0.0
2024-06-05,635.0,665.0499877929688,614.0999755859375,661.4000244140625,659.8477172851562,1555292,651.0999755859375,583.9333307902018,0.0
2024-06-06,664.7999877929688,672.9500122070312,652.0,657.0,655.4580078125,698455,651.0999755859375,583.9333307902018,0.0
2024-06-07,655.0,665.9500122070312,650.0999755859375,664.4500122070312,662.8905639648438,843536,651.0999755859375,583.9333307902018,0.6282110031455879
2024-06-10,670.0,672.0999755859375,658.4000244140625,660.2000122070312,658.6505126953125,865101,664.4500122070312,587.6016642252604,0.0
2024-06-11,663.75,666.0,648.7999877929688,651.2999877929688,649.7713623046875,506267,664.4500122070312,587.6016642252604,0.0
2024-06-12,654.5,668.3499755859375,654.5,662.3499755859375,660.7954711914062,1327291,664.4500122070312,587.6016642252604,0.0
2024-06-13,660.4000244140625,664.5999755859375,651.0,651.9000244140625,650.3699951171875,996441,664.4500122070312,587.6016642252604,0.0
2024-06-14,652.0,654.9000244140625,640.1500244140625,648.2999877929688,648.2999877929688,1704350,664.4500122070312,587.6016642252604,0.516080855356765
2024-06-18,654.0,662.0,637.6500244140625,641.2999877929688,641.2999877929688,1549934,648.2999877929688,590.6341639200847,0.0
2024-06-19,653.0,664.2999877929688,641.0,642.9000244140625,642.9000244140625,2423762,648.2999877929688,590.6341639200847,0.0
2024-06-20,642.9000244140625,644.0999755859375,633.0999755859375,637.7000122070312,637.7000122070312,968158,648.2999877929688,590.6341639200847,0.0
2024-06-21,639.9000244140625,643.1500244140625,626.5,629.0499877929688,629.0499877929688,1369141,648.2999877929688,590.6341639200847,0.42059308705213816
2024-06-24,629.0499877929688,640.9000244140625,625.0999755859375,637.5499877929688,637.5499877929688,616902,629.0499877929688,593.1183303833008,0.0
2024-06-25,637.5499877929688,639.0999755859375,629.0,633.9000244140625,633.9000244140625,441400,629.0499877929688,593.1183303833008,0.0
2024-06-26,633.9000244140625,648.0,629.0499877929688,640.0999755859375,640.0999755859375,926986,629.0499877929688,593.1183303833008,0.0
2024-06-27,650.0,651.9000244140625,640.25,647.3499755859375,647.3499755859375,1142754,629.0499877929688,593.1183303833008,0.0
2024-06-28,649.0,649.0,636.2000122070312,641.0,641.0,717115,629.0499877929688,593.1183303833008,0.3953680207346033
2024-07-01,644.75,672.0,641.8499755859375,669.5999755859375,669.5999755859375,2073935,641.0,595.4633305867513,0.0
2024-07-02,672.5,684.2999877929688,667.0,670.9500122070312,670.9500122070312,1591881,641.0,595.4633305867513,0.0
2024-07-03,673.0,683.9000244140625,661.5,670.7999877929688,670.7999877929688,942172,641.0,595.4633305867513,0.0
2024-07-04,671.0499877929688,678.9000244140625,660.0,666.9000244140625,666.9000244140625,769961,641.0,595.4633305867513,0.0
2024-07-05,666.9000244140625,666.9000244140625,652.9000244140625,656.9000244140625,656.9000244140625,1169183,641.0,595.4633305867513,0.0
