Date,Open,High,Low,Close,Adj Close,Volume,Monthly,60ma,extent_of_fall
2021-07-23,116.0,138.89999389648438,115.0,126.0,126.0,694895290,,,
2021-07-26,126.3499984741211,143.75,125.3000030517578,140.64999389648438,140.64999389648438,249723854,,,
2021-07-27,141.6999969482422,147.8000030517578,127.75,132.89999389648438,132.89999389648438,240341900,,,
2021-07-28,131.0,135.0,123.5500030517578,131.1999969482422,131.1999969482422,159793731,,,
2021-07-29,134.9499969482422,144.0,132.1999969482422,141.5500030517578,141.5500030517578,117973089,,,
2021-07-30,142.60000610351562,142.6999969482422,131.0,133.5,133.5,88312522,,,
2021-08-02,135.75,140.75,135.14999389648438,139.6999969482422,139.6999969482422,66909732,133.5,,
2021-08-03,137.0,140.8000030517578,137.0,139.39999389648438,139.39999389648438,46610001,133.5,,
2021-08-04,139.8000030517578,141.0,135.25,138.39999389648438,138.39999389648438,41134419,133.5,,
2021-08-05,138.75,138.89999389648438,132.0,134.9499969482422,134.9499969482422,38437134,133.5,,
2021-08-06,135.5,136.1999969482422,130.10000610351562,131.35000610351562,131.35000610351562,31975356,133.5,,
2021-08-09,132.39999389648438,133.5500030517578,127.25,130.60000610351562,130.60000610351562,41358299,133.5,,
2021-08-10,131.0,131.4499969482422,122.0999984741211,125.1999969482422,125.1999969482422,43164004,133.5,,
2021-08-11,123.0,138.75,123.0,135.64999389648438,135.64999389648438,111702781,133.5,,
2021-08-12,135.64999389648438,137.39999389648438,132.0500030517578,135.4499969482422,135.4499969482422,51256670,133.5,,
2021-08-13,133.85000610351562,139.75,132.10000610351562,137.35000610351562,137.35000610351562,33674300,133.5,,
2021-08-16,136.39999389648438,136.89999389648438,132.25,134.9499969482422,134.9499969482422,20305361,133.5,,
2021-08-17,132.8000030517578,134.35000610351562,130.60000610351562,132.5,132.5,15815187,133.5,,
2021-08-18,134.5,136.8000030517578,133.3000030517578,134.9499969482422,134.9499969482422,22566920,133.5,,
2021-08-20,134.9499969482422,141.4499969482422,133.0,139.3000030517578,139.3000030517578,53789580,133.5,,
2021-08-23,137.8000030517578,137.8000030517578,124.75,127.25,127.25,68470861,133.5,,
2021-08-24,127.25,127.9499969482422,120.5,125.0,125.0,56713556,133.5,,
2021-08-25,126.0,128.5,123.0999984741211,124.25,124.25,51078811,133.5,,
2021-08-26,125.25,127.1500015258789,124.3499984741211,125.8499984741211,125.8499984741211,20645403,133.5,,
2021-08-27,126.5999984741211,129.5,124.0999984741211,124.6999969482422,124.6999969482422,22227595,133.5,,
2021-08-30,127.8499984741211,135.4499969482422,127.5500030517578,133.5500030517578,133.5500030517578,45239080,133.5,,
2021-08-31,134.0,135.1999969482422,131.35000610351562,134.5500030517578,134.5500030517578,24640924,134.5500030517578,,
2021-09-01,134.5500030517578,135.10000610351562,130.6999969482422,132.60000610351562,132.60000610351562,16162269,134.5500030517578,,
2021-09-02,132.0,138.5,131.5,137.60000610351562,137.60000610351562,27882466,134.5500030517578,,
2021-09-03,135.9499969482422,151.39999389648438,135.60000610351562,149.75,149.75,113381518,134.5500030517578,,
2021-09-06,149.25,149.35000610351562,143.25,144.0500030517578,144.0500030517578,34811620,134.5500030517578,,
2021-09-07,144.89999389648438,146.85000610351562,138.5500030517578,140.0500030517578,140.0500030517578,30421931,134.5500030517578,,
2021-09-08,141.0,143.60000610351562,139.0500030517578,141.25,141.25,28133284,134.5500030517578,,
2021-09-09,141.39999389648438,142.89999389648438,140.0,141.60000610351562,141.60000610351562,18970691,134.5500030517578,,
2021-09-13,143.25,144.25,142.0,143.14999389648438,143.14999389648438,17426798,134.5500030517578,,
2021-09-14,145.14999389648438,152.75,136.1999969482422,144.10000610351562,144.10000610351562,112358935,134.5500030517578,,
2021-09-15,142.9499969482422,145.0,140.75,142.64999389648438,142.64999389648438,38892545,134.5500030517578,,
2021-09-16,143.0,144.0,141.5,142.0500030517578,142.0500030517578,17634206,134.5500030517578,,
2021-09-17,142.5500030517578,146.89999389648438,137.14999389648438,137.89999389648438,137.89999389648438,23264091,134.5500030517578,,
2021-09-20,137.6999969482422,140.85000610351562,133.25,134.3000030517578,134.3000030517578,19799941,134.5500030517578,,
2021-09-21,137.1999969482422,138.0,131.0,133.4499969482422,133.4499969482422,19330196,134.5500030517578,,
2021-09-22,135.39999389648438,135.39999389648438,131.3000030517578,132.10000610351562,132.10000610351562,16923375,134.5500030517578,,
2021-09-23,134.5,140.39999389648438,133.0500030517578,137.3000030517578,137.3000030517578,31779169,134.5500030517578,,
2021-09-24,137.5500030517578,139.5,136.0500030517578,136.64999389648438,136.64999389648438,13099391,134.5500030517578,,
2021-09-27,139.85000610351562,144.75,138.0,143.6999969482422,143.6999969482422,26041244,134.5500030517578,,
2021-09-28,143.89999389648438,143.89999389648438,137.64999389648438,139.0,139.0,13489232,134.5500030517578,,
2021-09-29,138.0,139.5,136.5,138.5,138.5,10801439,134.5500030517578,,
2021-09-30,139.1999969482422,139.1999969482422,136.14999389648438,136.60000610351562,136.60000610351562,7825751,136.60000610351562,,
2021-10-01,137.3000030517578,140.5,137.0,138.0,138.0,11940576,136.60000610351562,,
2021-10-04,139.10000610351562,140.0,138.0,139.10000610351562,139.10000610351562,11995299,136.60000610351562,,
2021-10-05,138.75,138.8000030517578,137.14999389648438,137.9499969482422,137.9499969482422,10912142,136.60000610351562,,
2021-10-06,138.75,139.1999969482422,133.6999969482422,134.9499969482422,134.9499969482422,9988184,136.60000610351562,,
2021-10-07,136.75,138.4499969482422,136.0500030517578,137.10000610351562,137.10000610351562,7317664,136.60000610351562,,
2021-10-08,138.0,138.0,135.6999969482422,136.14999389648438,136.14999389648438,6207969,136.60000610351562,,
2021-10-11,137.5,137.5,136.14999389648438,136.85000610351562,136.85000610351562,4395523,136.60000610351562,,
2021-10-12,137.3000030517578,137.75,135.5,136.60000610351562,136.60000610351562,5600652,136.60000610351562,,
2021-10-13,137.25,137.39999389648438,134.35000610351562,135.4499969482422,135.4499969482422,6351349,136.60000610351562,,
2021-10-14,135.89999389648438,137.3000030517578,133.6999969482422,135.0,135.0,8688177,136.60000610351562,,
2021-10-18,136.0,146.14999389648438,135.89999389648438,144.0500030517578,144.0500030517578,31446800,136.60000610351562,,
2021-10-19,144.89999389648438,145.10000610351562,137.25,138.5500030517578,138.5500030517578,14688308,136.60000610351562,,
2021-10-20,138.5,140.39999389648438,133.85000610351562,137.89999389648438,137.89999389648438,12607297,136.60000610351562,,
2021-10-21,139.75,139.89999389648438,135.8000030517578,138.14999389648438,138.14999389648438,5951873,136.60000610351562,,
2021-10-22,138.9499969482422,142.0,135.8000030517578,137.75,137.75,11468458,136.60000610351562,,
2021-10-25,138.0,138.9499969482422,131.5500030517578,132.6999969482422,132.6999969482422,13530512,136.60000610351562,,
2021-10-26,133.0,137.35000610351562,133.0,135.4499969482422,135.4499969482422,6445894,136.60000610351562,,
2021-10-27,136.1999969482422,139.25,134.5,134.8000030517578,134.8000030517578,8982174,136.60000610351562,,
2021-10-28,135.35000610351562,136.5,131.5,135.60000610351562,135.60000610351562,11936370,136.60000610351562,,
2021-10-29,135.0,135.0,130.5,131.5500030517578,131.5500030517578,12925877,136.60000610351562,,
2021-11-01,133.60000610351562,134.3000030517578,132.0,132.64999389648438,132.64999389648438,6200243,131.5500030517578,,
2021-11-02,132.6999969482422,133.60000610351562,131.75,132.4499969482422,132.4499969482422,7367792,131.5500030517578,,
2021-11-03,132.89999389648438,132.89999389648438,127.5,128.35000610351562,128.35000610351562,15919925,131.5500030517578,,
2021-11-04,130.0,132.39999389648438,130.0,131.35000610351562,131.35000610351562,4101820,131.5500030517578,,
2021-11-08,132.9499969482422,133.60000610351562,130.60000610351562,131.14999389648438,131.14999389648438,17645794,131.5500030517578,,
2021-11-09,133.0,138.89999389648438,131.64999389648438,137.64999389648438,137.64999389648438,26457361,131.5500030517578,,
2021-11-10,136.5,139.14999389648438,135.0,136.0500030517578,136.0500030517578,16816048,131.5500030517578,,
2021-11-11,142.0,144.0,132.60000610351562,140.89999389648438,140.89999389648438,83582039,131.5500030517578,,
2021-11-12,142.0,155.1999969482422,142.0,153.0,153.0,140547798,131.5500030517578,,
2021-11-15,149.0,163.3000030517578,142.35000610351562,160.3000030517578,160.3000030517578,121197599,131.5500030517578,,
2021-11-16,161.14999389648438,169.0,153.8000030517578,157.60000610351562,157.60000610351562,109342731,131.5500030517578,,
2021-11-17,155.9499969482422,162.25,154.25,156.5500030517578,156.5500030517578,44505156,131.5500030517578,,
2021-11-18,158.89999389648438,161.85000610351562,152.5,154.6999969482422,154.6999969482422,46802082,131.5500030517578,,
2021-11-22,158.25,158.25,136.8000030517578,149.75,149.75,79417849,131.5500030517578,,
2021-11-23,150.0,152.0,144.25,148.6999969482422,148.6999969482422,38236588,131.5500030517578,,
2021-11-24,151.10000610351562,156.39999389648438,149.60000610351562,155.5,155.5,53749976,131.5500030517578,,
2021-11-25,157.0,161.3000030517578,154.0500030517578,159.75,159.75,48900473,131.5500030517578,,
2021-11-26,158.4499969482422,158.4499969482422,146.25,148.14999389648438,148.14999389648438,35968151,131.5500030517578,,
2021-11-29,148.8000030517578,153.89999389648438,137.5,149.10000610351562,149.10000610351562,43972445,131.5500030517578,,
2021-11-30,149.9499969482422,158.0,145.3000030517578,152.5500030517578,152.5500030517578,258130152,152.5500030517578,,
2021-12-01,153.0,157.89999389648438,149.4499969482422,151.39999389648438,151.39999389648438,32604856,152.5500030517578,,
2021-12-02,151.60000610351562,153.8000030517578,147.8000030517578,150.64999389648438,150.64999389648438,23508261,152.5500030517578,,
2021-12-03,152.10000610351562,152.8000030517578,143.85000610351562,144.89999389648438,144.89999389648438,26452896,152.5500030517578,,
2021-12-06,146.60000610351562,146.85000610351562,135.3000030517578,138.5500030517578,138.5500030517578,33244501,152.5500030517578,,
2021-12-07,141.35000610351562,143.8000030517578,138.64999389648438,139.8000030517578,139.8000030517578,36835410,152.5500030517578,,
2021-12-08,141.0,148.60000610351562,140.25,147.60000610351562,147.60000610351562,37324365,152.5500030517578,,
2021-12-09,148.64999389648438,148.64999389648438,145.3000030517578,146.25,146.25,18377899,152.5500030517578,,
2021-12-10,144.10000610351562,146.39999389648438,139.75,140.5500030517578,140.5500030517578,27881031,152.5500030517578,,
2021-12-13,142.1999969482422,144.4499969482422,141.89999389648438,142.64999389648438,142.64999389648438,20318225,152.5500030517578,,
2021-12-14,144.6999969482422,144.9499969482422,140.0,140.64999389648438,140.64999389648438,19474412,152.5500030517578,,
2021-12-15,140.5,142.0,140.0,140.60000610351562,140.60000610351562,12791660,152.5500030517578,,
2021-12-16,141.89999389648438,142.85000610351562,137.39999389648438,138.39999389648438,138.39999389648438,17182101,152.5500030517578,,
2021-12-17,138.9499969482422,141.0,132.35000610351562,135.35000610351562,135.35000610351562,95386202,152.5500030517578,,
2021-12-20,135.3000030517578,135.75,124.5999984741211,126.5500030517578,126.5500030517578,36064413,152.5500030517578,,
2021-12-21,128.85000610351562,132.85000610351562,128.60000610351562,131.60000610351562,131.60000610351562,20442777,152.5500030517578,,
2021-12-22,133.0500030517578,139.75,133.0,138.64999389648438,138.64999389648438,19425711,152.5500030517578,,
2021-12-23,140.0500030517578,140.75,132.10000610351562,133.0,133.0,21934786,152.5500030517578,,
2021-12-24,134.5,134.5,129.60000610351562,131.4499969482422,131.4499969482422,17625584,152.5500030517578,,
2021-12-27,131.35000610351562,133.85000610351562,128.0,132.75,132.75,13934154,152.5500030517578,,
2021-12-28,133.6999969482422,134.0,131.64999389648438,132.85000610351562,132.85000610351562,11170275,152.5500030517578,,
2021-12-29,132.6999969482422,137.6999969482422,131.5500030517578,137.10000610351562,137.10000610351562,18914246,152.5500030517578,,
2021-12-30,137.0500030517578,137.0500030517578,133.3000030517578,133.9499969482422,133.9499969482422,8369208,152.5500030517578,,
2021-12-31,133.85000610351562,138.39999389648438,133.39999389648438,137.39999389648438,137.39999389648438,11452243,137.39999389648438,,
2022-01-03,139.6999969482422,142.4499969482422,138.3000030517578,141.35000610351562,141.35000610351562,22518241,137.39999389648438,,
2022-01-04,141.35000610351562,141.5500030517578,137.60000610351562,138.35000610351562,138.35000610351562,10705792,137.39999389648438,,
2022-01-05,137.89999389648438,137.89999389648438,133.3000030517578,133.9499969482422,133.9499969482422,15874857,137.39999389648438,,
2022-01-06,133.0,133.14999389648438,129.60000610351562,130.0,130.0,23780419,137.39999389648438,,
2022-01-07,130.0,131.4499969482422,129.0,129.25,129.25,22846951,137.39999389648438,,
2022-01-10,130.5,130.89999389648438,129.39999389648438,130.1999969482422,130.1999969482422,11389370,137.39999389648438,,
2022-01-11,131.0,132.5,130.0,131.3000030517578,131.3000030517578,15396652,137.39999389648438,,
2022-01-12,132.10000610351562,132.89999389648438,131.60000610351562,132.25,132.25,8004430,137.39999389648438,,
2022-01-13,132.5,133.4499969482422,132.35000610351562,133.10000610351562,133.10000610351562,6535224,137.39999389648438,,
2022-01-14,133.10000610351562,134.4499969482422,132.0500030517578,133.60000610351562,133.60000610351562,9443928,137.39999389648438,,
2022-01-17,133.60000610351562,134.5,133.0,134.0,134.0,7515979,137.39999389648438,,
2022-01-18,134.5,134.60000610351562,132.8000030517578,133.0500030517578,133.0500030517578,9428096,137.39999389648438,,
2022-01-19,131.6999969482422,132.39999389648438,128.25,129.1999969482422,129.1999969482422,27812341,137.39999389648438,,
2022-01-20,127.9499969482422,130.6999969482422,125.0,125.1999969482422,125.1999969482422,23290545,137.39999389648438,,
2022-01-21,125.1500015258789,125.1500015258789,112.5500030517578,113.6500015258789,113.6500015258789,59805922,137.39999389648438,,
2022-01-24,114.0,114.1999969482422,90.9499969482422,91.3499984741211,91.3499984741211,167044739,137.39999389648438,,
2022-01-25,90.9499969482422,100.4499969482422,84.1500015258789,100.4499969482422,100.4499969482422,138336211,137.39999389648438,,
2022-01-27,98.0,98.0,90.4499969482422,90.5,90.5,106488772,137.39999389648438,,
2022-01-28,93.5999984741211,96.4499969482422,88.80000305175781,89.55000305175781,89.55000305175781,61452438,137.39999389648438,,
2022-01-31,91.3499984741211,92.5,89.6500015258789,90.4000015258789,90.4000015258789,20203799,90.4000015258789,,
2022-02-01,91.75,95.8000030517578,91.0500030517578,94.5500030517578,94.5500030517578,32606751,90.4000015258789,,
2022-02-02,95.75,99.75,94.8000030517578,98.9000015258789,98.9000015258789,18674088,90.4000015258789,,
2022-02-03,98.5,98.5,96.0999984741211,97.0999984741211,97.0999984741211,9769090,90.4000015258789,,
2022-02-04,97.1999969482422,97.8499984741211,93.5999984741211,94.1999969482422,94.1999969482422,15354384,90.4000015258789,,
2022-02-07,95.0999984741211,95.5,93.3499984741211,93.5500030517578,93.5500030517578,10900141,90.4000015258789,,
2022-02-08,94.3499984741211,94.6500015258789,91.25,93.5500030517578,93.5500030517578,9026735,90.4000015258789,,
2022-02-09,94.5,95.4499969482422,93.5999984741211,94.1999969482422,94.1999969482422,7876462,90.4000015258789,,
2022-02-10,94.9000015258789,95.4000015258789,93.0,94.4499969482422,94.4499969482422,13257124,90.4000015258789,,
2022-02-11,92.75,92.75,86.5,88.69999694824219,88.69999694824219,39976783,90.4000015258789,,
2022-02-14,87.0,87.0,80.55000305175781,82.44999694824219,82.44999694824219,35049550,90.4000015258789,,
2022-02-15,83.5,84.6500015258789,75.75,82.69999694824219,82.69999694824219,106216252,90.4000015258789,,
2022-02-16,85.0,87.0,84.25,84.94999694824219,84.94999694824219,33106605,90.4000015258789,,
2022-02-17,86.5,90.0999984741211,85.9000015258789,89.1500015258789,89.1500015258789,29566401,90.4000015258789,,
2022-02-18,88.0999984741211,88.4000015258789,85.19999694824219,85.9000015258789,85.9000015258789,15037123,90.4000015258789,,
2022-02-21,84.19999694824219,84.80000305175781,80.6500015258789,81.55000305175781,81.55000305175781,18853339,90.4000015258789,,
2022-02-22,78.0,80.55000305175781,77.0,79.69999694824219,79.69999694824219,28814770,90.4000015258789,,
2022-02-23,82.0,85.1500015258789,81.19999694824219,84.1500015258789,84.1500015258789,19847603,90.4000015258789,,
2022-02-24,78.6500015258789,81.5,78.0999984741211,78.5,78.5,22035319,90.4000015258789,,
2022-02-25,82.0,83.4000015258789,78.1500015258789,78.80000305175781,78.80000305175781,22876044,90.4000015258789,,
2022-02-28,79.0,80.94999694824219,76.55000305175781,79.94999694824219,79.94999694824219,41975659,79.94999694824219,,
2022-03-02,80.0,82.0,79.0,79.8499984741211,79.8499984741211,20353225,79.94999694824219,,
2022-03-03,81.5,83.19999694824219,81.19999694824219,82.19999694824219,82.19999694824219,16067224,79.94999694824219,,
2022-03-04,80.5,82.9000015258789,79.5,80.19999694824219,80.19999694824219,15145236,79.94999694824219,,
2022-03-07,79.0,79.6500015258789,78.0,79.0,79.0,9764606,79.94999694824219,,
2022-03-08,79.25,80.5999984741211,77.5999984741211,78.1500015258789,78.1500015258789,12381953,79.94999694824219,,
2022-03-09,79.44999694824219,80.6500015258789,78.9000015258789,80.3499984741211,80.3499984741211,11887757,79.94999694824219,,
2022-03-10,82.55000305175781,83.94999694824219,81.69999694824219,82.19999694824219,82.19999694824219,13476206,79.94999694824219,,
2022-03-11,82.4000015258789,82.4000015258789,79.5,79.9000015258789,79.9000015258789,18964704,79.94999694824219,,
2022-03-14,80.69999694824219,80.69999694824219,79.0,79.30000305175781,79.30000305175781,7261365,79.94999694824219,,
2022-03-15,79.30000305175781,79.5999984741211,76.0,76.55000305175781,76.55000305175781,18900800,79.94999694824219,,
2022-03-16,80.0,80.0,75.5,75.94999694824219,75.94999694824219,42383305,79.94999694824219,,
2022-03-17,77.19999694824219,82.0,76.80000305175781,80.8499984741211,80.8499984741211,34440238,79.94999694824219,,
2022-03-21,82.0,83.30000305175781,79.25,80.4000015258789,80.4000015258789,28669864,79.94999694824219,,
2022-03-22,80.94999694824219,81.9000015258789,79.30000305175781,81.1500015258789,81.1500015258789,23798591,79.94999694824219,,
2022-03-23,82.0,82.0,80.19999694824219,80.75,80.75,12522850,79.94999694824219,,
2022-03-24,80.69999694824219,82.3499984741211,80.05000305175781,80.3499984741211,80.3499984741211,12996477,79.94999694824219,,
2022-03-25,81.0,81.8499984741211,80.25,80.5999984741211,80.5999984741211,13585986,79.94999694824219,,
2022-03-28,80.5999984741211,81.0,79.1500015258789,79.6500015258789,79.6500015258789,10034667,79.94999694824219,,
2022-03-29,80.05000305175781,80.5,78.05000305175781,78.19999694824219,78.19999694824219,13466521,79.94999694824219,,
2022-03-30,79.0,86.0,78.5,85.05000305175781,85.05000305175781,41305975,79.94999694824219,,
2022-03-31,88.69999694824219,88.69999694824219,81.75,82.30000305175781,82.30000305175781,34672910,82.30000305175781,,
2022-04-01,82.0999984741211,85.5999984741211,82.05000305175781,84.30000305175781,84.30000305175781,15586812,82.30000305175781,,
2022-04-04,84.4000015258789,87.69999694824219,84.4000015258789,86.25,86.25,18040882,82.30000305175781,,
2022-04-05,83.0,85.1500015258789,82.3499984741211,83.9000015258789,83.9000015258789,28433443,82.30000305175781,,
2022-04-06,83.75,85.30000305175781,83.1500015258789,84.55000305175781,84.55000305175781,10697018,82.30000305175781,,
2022-04-07,84.80000305175781,85.25,82.25,82.5,82.5,9709022,82.30000305175781,,
2022-04-08,83.5,85.5,82.75,83.4000015258789,83.4000015258789,14851737,82.30000305175781,,
2022-04-11,83.1500015258789,85.8499984741211,83.0,84.44999694824219,84.44999694824219,17609808,82.30000305175781,,
2022-04-12,84.30000305175781,84.30000305175781,81.0,81.5,81.5,12913673,82.30000305175781,,
2022-04-13,82.5,88.30000305175781,82.1500015258789,83.9000015258789,83.9000015258789,52988189,82.30000305175781,,
2022-04-18,83.69999694824219,84.4000015258789,82.55000305175781,82.9000015258789,82.9000015258789,14209908,82.30000305175781,,
2022-04-19,83.0999984741211,83.9000015258789,79.44999694824219,80.44999694824219,80.44999694824219,13439870,82.30000305175781,,
2022-04-20,81.5999984741211,82.30000305175781,80.0,80.30000305175781,80.30000305175781,12797463,82.30000305175781,,
2022-04-21,81.0999984741211,81.8499984741211,80.6500015258789,80.80000305175781,80.80000305175781,6780602,82.30000305175781,,
2022-04-22,80.69999694824219,81.80000305175781,80.19999694824219,81.19999694824219,81.19999694824219,7211263,82.30000305175781,,
2022-04-25,80.5,81.5999984741211,78.5999984741211,78.75,78.75,16717052,82.30000305175781,,
2022-04-26,80.5999984741211,80.9000015258789,78.5999984741211,79.5999984741211,79.5999984741211,9548939,82.30000305175781,,
2022-04-27,79.4000015258789,79.5999984741211,75.5,75.8499984741211,75.8499984741211,23626624,82.30000305175781,,
2022-04-28,77.3499984741211,77.5999984741211,73.5,73.8499984741211,73.8499984741211,21338831,82.30000305175781,,
2022-04-29,74.69999694824219,74.8499984741211,71.0999984741211,71.75,71.75,24873682,82.30000305175781,,
2022-05-02,71.75,71.9000015258789,68.75,69.5,69.5,18464589,71.75,,
2022-05-04,69.75,70.0,63.900001525878906,64.44999694824219,64.44999694824219,43049544,71.75,,
2022-05-05,65.75,66.6500015258789,60.5,61.150001525878906,61.150001525878906,40296393,71.75,,
2022-05-06,59.29999923706055,62.29999923706055,57.650001525878906,60.5,60.5,47189321,71.75,,
2022-05-09,59.59999847412109,60.400001525878906,55.650001525878906,56.75,56.75,38279098,71.75,,
2022-05-10,55.75,56.75,50.04999923706055,52.45000076293945,52.45000076293945,45135581,71.75,,
2022-05-11,52.0,56.45000076293945,50.29999923706055,54.20000076293945,54.20000076293945,99812774,71.75,,
2022-05-12,53.79999923706055,53.900001525878906,51.04999923706055,51.95000076293945,51.95000076293945,37338266,71.75,,
2022-05-13,53.29999923706055,59.20000076293945,52.25,56.84999847412109,56.84999847412109,79292212,71.75,,
2022-05-16,56.84999847412109,57.70000076293945,54.75,56.400001525878906,56.400001525878906,37036105,71.75,,
2022-05-17,56.09999847412109,56.70000076293945,55.150001525878906,56.150001525878906,56.150001525878906,21460388,71.75,,
2022-05-18,56.09999847412109,59.59999847412109,55.84999847412109,58.75,58.75,57728111,71.75,,
2022-05-19,56.5,56.84999847412109,54.79999923706055,55.34999847412109,55.34999847412109,31970099,71.75,,
2022-05-20,56.5,58.75,56.400001525878906,58.04999923706055,58.04999923706055,32411623,71.75,,
2022-05-23,58.70000076293945,60.5,56.59999847412109,57.04999923706055,57.04999923706055,36830591,71.75,,
2022-05-24,57.95000076293945,67.5999984741211,57.900001525878906,64.94999694824219,64.94999694824219,193577787,71.75,,
2022-05-25,65.69999694824219,66.9000015258789,60.650001525878906,62.29999923706055,62.29999923706055,104446924,71.75,,
2022-05-26,61.0,62.5,59.59999847412109,60.45000076293945,60.45000076293945,46556399,71.75,,
2022-05-27,63.0,63.0,61.5,62.04999923706055,62.04999923706055,32064280,71.75,,
2022-05-30,63.25,72.0999984741211,62.59999847412109,71.05000305175781,71.05000305175781,124103679,71.75,,
2022-05-31,68.5,77.69999694824219,67.4000015258789,74.6500015258789,74.6500015258789,184333915,74.6500015258789,,
2022-06-01,75.4000015258789,79.80000305175781,73.0999984741211,74.69999694824219,74.69999694824219,127949782,74.6500015258789,,
2022-06-02,74.4000015258789,74.4000015258789,71.4000015258789,71.94999694824219,71.94999694824219,47866809,74.6500015258789,,
2022-06-03,73.9000015258789,74.8499984741211,71.19999694824219,72.1500015258789,72.1500015258789,35779760,74.6500015258789,,
2022-06-06,70.0,71.19999694824219,69.19999694824219,69.9000015258789,69.9000015258789,30078469,74.6500015258789,,
2022-06-07,69.69999694824219,69.69999694824219,64.75,65.4000015258789,65.4000015258789,41755337,74.6500015258789,,
2022-06-08,66.0,68.5999984741211,64.0999984741211,67.1500015258789,67.1500015258789,46697875,74.6500015258789,,
2022-06-09,66.19999694824219,69.69999694824219,65.0,68.69999694824219,68.69999694824219,47653877,74.6500015258789,,
2022-06-10,67.30000305175781,69.69999694824219,66.5,69.0,69.0,42040372,74.6500015258789,,
2022-06-13,67.5,68.30000305175781,65.4000015258789,67.5,67.5,34863276,74.6500015258789,,
2022-06-14,64.19999694824219,70.75,64.0,70.0,70.0,66677006,74.6500015258789,,
2022-06-15,70.6500015258789,71.9000015258789,68.94999694824219,70.19999694824219,70.19999694824219,33246369,74.6500015258789,,
2022-06-16,72.0,72.0,66.0999984741211,67.19999694824219,67.19999694824219,41879881,74.6500015258789,,
2022-06-17,65.6500015258789,69.4000015258789,65.30000305175781,67.05000305175781,67.05000305175781,33597224,74.6500015258789,,
2022-06-20,68.0,68.0,64.05000305175781,65.0,65.0,27409011,74.6500015258789,,
2022-06-21,65.5,67.25,65.3499984741211,66.05000305175781,66.05000305175781,22905677,74.6500015258789,,
2022-06-22,65.94999694824219,68.5999984741211,65.0,67.5999984741211,67.5999984741211,35026600,74.6500015258789,,
2022-06-23,67.05000305175781,70.0,66.5,69.55000305175781,69.55000305175781,33785882,74.6500015258789,,
2022-06-24,71.0,71.8499984741211,69.55000305175781,70.5,70.5,23948418,74.6500015258789,,
2022-06-27,72.6500015258789,72.69999694824219,65.0,65.8499984741211,65.8499984741211,110751340,74.6500015258789,,
2022-06-28,65.69999694824219,65.69999694824219,59.650001525878906,60.29999923706055,60.29999923706055,120959477,74.6500015258789,,
2022-06-29,58.75,61.45000076293945,56.84999847412109,57.29999923706055,57.29999923706055,96955320,74.6500015258789,,
2022-06-30,57.79999923706055,59.0,53.34999847412109,53.84999847412109,53.84999847412109,106893631,53.84999847412109,,
2022-07-01,54.150001525878906,56.70000076293945,52.54999923706055,56.150001525878906,56.150001525878906,112078641,53.84999847412109,,
2022-07-04,54.5,55.79999923706055,53.29999923706055,54.29999923706055,54.29999923706055,56902459,53.84999847412109,,
2022-07-05,55.400001525878906,55.900001525878906,54.34999847412109,55.45000076293945,55.45000076293945,51276627,53.84999847412109,,
2022-07-06,55.79999923706055,55.79999923706055,53.900001525878906,54.34999847412109,54.34999847412109,32403447,53.84999847412109,,
2022-07-07,54.650001525878906,55.150001525878906,53.75,54.45000076293945,54.45000076293945,35759428,53.84999847412109,,
2022-07-08,55.0,55.29999923706055,54.29999923706055,54.79999923706055,54.79999923706055,21413556,53.84999847412109,,
2022-07-11,54.70000076293945,56.5,54.20000076293945,56.09999847412109,56.09999847412109,21739009,53.84999847412109,,
2022-07-12,55.900001525878906,59.650001525878906,55.5,59.0,59.0,57986568,53.84999847412109,,
2022-07-13,59.0,61.5,58.0,58.34999847412109,58.34999847412109,73383005,53.84999847412109,,
2022-07-14,58.400001525878906,59.0,55.29999923706055,55.650001525878906,55.650001525878906,43024089,53.84999847412109,,
2022-07-15,56.20000076293945,56.20000076293945,53.34999847412109,53.900001525878906,53.900001525878906,47995067,53.84999847412109,,
2022-07-18,54.70000076293945,55.09999847412109,52.84999847412109,53.59999847412109,53.59999847412109,47689463,53.84999847412109,,
2022-07-19,53.650001525878906,54.400001525878906,53.29999923706055,53.95000076293945,53.95000076293945,35427093,53.84999847412109,,
2022-07-20,54.5,54.5,53.20000076293945,53.400001525878906,53.400001525878906,37683099,53.84999847412109,,
2022-07-21,53.34999847412109,54.45000076293945,52.70000076293945,53.5,53.5,29402446,53.84999847412109,,
2022-07-22,53.75,54.0,52.900001525878906,53.650001525878906,53.650001525878906,27302087,53.84999847412109,,
2022-07-25,52.5,52.5,46.0,47.59999847412109,47.59999847412109,232841112,53.84999847412109,,
2022-07-26,46.59999847412109,46.650001525878906,41.20000076293945,41.650001525878906,41.650001525878906,412304737,53.84999847412109,,
2022-07-27,40.84999847412109,44.400001525878906,40.59999847412109,43.95000076293945,43.95000076293945,411205172,53.84999847412109,,
2022-07-28,44.900001525878906,46.29999923706055,43.04999923706055,45.70000076293945,45.70000076293945,267544569,53.84999847412109,,
2022-07-29,45.59999847412109,47.20000076293945,44.54999923706055,46.79999923706055,46.79999923706055,177187972,53.84999847412109,,
2022-08-01,46.79999923706055,47.25,45.04999923706055,46.29999923706055,46.29999923706055,135944043,46.79999923706055,,
2022-08-02,50.0,55.54999923706055,48.400001525878906,55.54999923706055,55.54999923706055,528899748,46.79999923706055,,
2022-08-03,52.5,56.900001525878906,51.75,55.45000076293945,55.45000076293945,599688336,46.79999923706055,,
2022-08-04,55.75,58.650001525878906,54.5,57.84999847412109,57.84999847412109,420183405,46.79999923706055,,
2022-08-05,57.900001525878906,59.150001525878906,53.25,54.59999847412109,54.59999847412109,315019033,46.79999923706055,,
2022-08-08,54.70000076293945,56.20000076293945,54.20000076293945,55.45000076293945,55.45000076293945,178185076,46.79999923706055,,
2022-08-10,56.20000076293945,56.54999923706055,54.5,55.95000076293945,55.95000076293945,200699912,46.79999923706055,,
2022-08-11,56.900001525878906,58.150001525878906,56.34999847412109,57.900001525878906,57.900001525878906,130942734,46.79999923706055,,
2022-08-12,58.09999847412109,63.09999847412109,57.900001525878906,61.75,61.75,351208957,46.79999923706055,,
2022-08-16,62.650001525878906,67.44999694824219,62.5,64.25,64.25,250686966,46.79999923706055,,
2022-08-17,64.80000305175781,65.5999984741211,61.79999923706055,65.25,65.25,258066522,46.79999923706055,,
2022-08-18,65.5999984741211,69.25,65.0,67.0999984741211,67.0999984741211,303566868,46.79999923706055,,
2022-08-19,67.4000015258789,68.25,60.150001525878906,61.45000076293945,61.45000076293945,295737752,46.79999923706055,,
2022-08-22,61.0,62.84999847412109,59.25,62.0,62.0,226773007,46.79999923706055,,
2022-08-23,62.29999923706055,65.25,62.150001525878906,64.44999694824219,64.44999694824219,218585102,46.79999923706055,,
2022-08-24,64.0999984741211,64.19999694824219,61.70000076293945,62.20000076293945,62.20000076293945,116401002,46.79999923706055,,
2022-08-25,62.79999923706055,63.20000076293945,61.650001525878906,62.09999847412109,62.09999847412109,81137105,46.79999923706055,,
2022-08-26,62.400001525878906,62.70000076293945,60.54999923706055,61.84999847412109,61.84999847412109,87939030,46.79999923706055,,
2022-08-29,59.70000076293945,60.54999923706055,58.34999847412109,59.20000076293945,59.20000076293945,98493347,46.79999923706055,,
2022-08-30,60.20000076293945,61.25,57.29999923706055,57.95000076293945,57.95000076293945,162054037,46.79999923706055,,
2022-09-01,58.70000076293945,63.150001525878906,58.25,62.45000076293945,62.45000076293945,192477817,57.95000076293945,,
2022-09-02,63.400001525878906,63.400001525878906,59.400001525878906,59.75,59.75,137946710,57.95000076293945,,
2022-09-05,60.45000076293945,60.79999923706055,59.29999923706055,59.650001525878906,59.650001525878906,84539046,57.95000076293945,,
2022-09-06,60.29999923706055,60.79999923706055,59.400001525878906,59.70000076293945,59.70000076293945,70186636,57.95000076293945,,
2022-09-07,59.650001525878906,60.400001525878906,59.20000076293945,59.5,59.5,59843737,57.95000076293945,,
2022-09-08,60.34999847412109,62.5,59.79999923706055,61.34999847412109,61.34999847412109,128430049,57.95000076293945,,
2022-09-09,62.0,63.650001525878906,62.0,62.79999923706055,62.79999923706055,139369425,57.95000076293945,,
2022-09-12,63.0,63.20000076293945,62.25,62.54999923706055,62.54999923706055,64044347,57.95000076293945,,
2022-09-13,63.0,66.5999984741211,62.79999923706055,65.44999694824219,65.44999694824219,199032705,57.95000076293945,,
2022-09-14,64.05000305175781,65.1500015258789,62.75,63.29999923706055,63.29999923706055,119824317,57.95000076293945,,
2022-09-15,64.0,64.9000015258789,63.29999923706055,64.5999984741211,64.5999984741211,88185944,57.95000076293945,,
2022-09-16,64.4000015258789,65.0,61.09999847412109,63.20000076293945,63.20000076293945,196537446,57.95000076293945,,
2022-09-19,64.19999694824219,65.44999694824219,63.45000076293945,63.95000076293945,63.95000076293945,70453100,57.95000076293945,,
2022-09-20,64.9000015258789,65.69999694824219,62.400001525878906,62.84999847412109,62.84999847412109,77904810,57.95000076293945,,
2022-09-21,63.29999923706055,63.95000076293945,62.400001525878906,63.45000076293945,63.45000076293945,59131994,57.95000076293945,,
2022-09-22,62.900001525878906,63.75,62.59999847412109,63.29999923706055,63.29999923706055,34716572,57.95000076293945,,
2022-09-23,63.0,63.34999847412109,60.400001525878906,60.79999923706055,60.79999923706055,56730282,57.95000076293945,,
2022-09-26,60.0,60.650001525878906,57.400001525878906,57.79999923706055,57.79999923706055,65832873,57.95000076293945,,
2022-09-27,58.150001525878906,59.75,56.95000076293945,58.84999847412109,58.84999847412109,79641870,57.95000076293945,,
2022-09-28,57.79999923706055,59.25,57.5,58.04999923706055,58.04999923706055,64334024,57.95000076293945,,
2022-09-29,59.20000076293945,62.0,58.900001525878906,61.20000076293945,61.20000076293945,76969699,57.95000076293945,,
2022-09-30,61.5,62.84999847412109,59.75,62.34999847412109,62.34999847412109,71494895,62.34999847412109,,
2022-10-03,62.0,63.09999847412109,61.20000076293945,61.900001525878906,61.900001525878906,44528871,62.34999847412109,,
2022-10-04,63.09999847412109,64.44999694824219,63.0,64.05000305175781,64.05000305175781,47077008,62.34999847412109,,
2022-10-06,64.4000015258789,66.1500015258789,64.25,65.55000305175781,65.55000305175781,59866072,62.34999847412109,,
2022-10-07,65.1500015258789,70.19999694824219,64.5999984741211,69.55000305175781,69.55000305175781,170879536,62.34999847412109,,
2022-10-10,68.4000015258789,69.69999694824219,67.5,68.69999694824219,68.69999694824219,87158481,62.34999847412109,,
2022-10-11,68.4000015258789,69.19999694824219,65.0,65.55000305175781,65.55000305175781,70171064,62.34999847412109,,
2022-10-12,65.6500015258789,66.44999694824219,63.04999923706055,63.75,63.75,67799710,62.34999847412109,,
2022-10-13,64.0999984741211,64.6500015258789,61.0,61.25,61.25,73750800,62.34999847412109,,
2022-10-14,63.0,64.1500015258789,61.59999847412109,61.900001525878906,61.900001525878906,85139332,62.34999847412109,,
2022-10-17,61.900001525878906,63.25,61.150001525878906,62.650001525878906,62.650001525878906,56007734,62.34999847412109,,
2022-10-18,63.650001525878906,64.4000015258789,62.75,63.0,63.0,49431277,62.34999847412109,,
2022-10-19,63.400001525878906,63.70000076293945,61.5,62.04999923706055,62.04999923706055,52638798,62.34999847412109,,
2022-10-20,61.70000076293945,62.0,60.84999847412109,61.29999923706055,61.29999923706055,57513138,62.34999847412109,,
2022-10-21,61.79999923706055,63.20000076293945,61.29999923706055,61.79999923706055,61.79999923706055,65825881,62.34999847412109,,
2022-10-24,62.900001525878906,62.95000076293945,62.04999923706055,62.34999847412109,62.34999847412109,7775480,62.34999847412109,,
2022-10-25,62.70000076293945,64.9000015258789,62.400001525878906,64.5999984741211,64.5999984741211,81043498,62.34999847412109,,
2022-10-27,64.0999984741211,65.6500015258789,63.5,65.0999984741211,65.0999984741211,64853360,62.34999847412109,,
2022-10-28,65.25,65.69999694824219,62.29999923706055,62.59999847412109,62.59999847412109,56787309,62.34999847412109,,
2022-10-31,63.59999847412109,63.84999847412109,62.09999847412109,63.09999847412109,63.09999847412109,45949861,63.09999847412109,,
2022-11-01,63.5,63.75,62.70000076293945,63.5,63.5,50425928,63.09999847412109,,
2022-11-02,63.75,64.69999694824219,62.70000076293945,63.0,63.0,52915032,63.09999847412109,,
2022-11-03,62.79999923706055,62.79999923706055,62.0,62.20000076293945,62.20000076293945,31729457,63.09999847412109,,
2022-11-04,62.75,63.650001525878906,62.45000076293945,63.0,63.0,35296904,63.09999847412109,,
2022-11-07,63.84999847412109,65.44999694824219,63.25,65.0999984741211,65.0999984741211,56815391,63.09999847412109,,
2022-11-09,65.44999694824219,67.5,65.0,65.30000305175781,65.30000305175781,87424592,63.09999847412109,,
2022-11-10,65.5,65.94999694824219,63.150001525878906,63.95000076293945,63.95000076293945,44332611,63.09999847412109,,
2022-11-11,66.0,73.55000305175781,65.5,72.80000305175781,72.80000305175781,397758848,63.09999847412109,,
2022-11-14,74.30000305175781,75.44999694824219,69.05000305175781,69.5999984741211,69.5999984741211,186727024,63.09999847412109,,
2022-11-15,69.5999984741211,71.1500015258789,69.0999984741211,69.94999694824219,69.94999694824219,68397103,63.09999847412109,,
2022-11-16,69.94999694824219,70.5,67.69999694824219,68.69999694824219,68.69999694824219,75425523,63.09999847412109,,
2022-11-17,68.4000015258789,69.80000305175781,67.5,67.69999694824219,67.69999694824219,60115704,63.09999847412109,,
2022-11-18,68.1500015258789,69.3499984741211,66.9000015258789,67.1500015258789,67.1500015258789,62855692,63.09999847412109,,
2022-11-21,66.4000015258789,66.4000015258789,63.79999923706055,64.30000305175781,64.30000305175781,85998316,63.09999847412109,,
2022-11-22,64.9000015258789,64.9000015258789,63.29999923706055,63.95000076293945,63.95000076293945,50715391,63.09999847412109,,
2022-11-23,63.5,64.30000305175781,61.400001525878906,61.75,61.75,69815602,63.09999847412109,,
2022-11-24,62.29999923706055,64.0999984741211,62.04999923706055,63.20000076293945,63.20000076293945,90679986,63.09999847412109,,
2022-11-25,64.0,64.9000015258789,63.04999923706055,64.0,64.0,74237526,63.09999847412109,,
2022-11-28,64.25,65.30000305175781,63.79999923706055,64.4000015258789,64.4000015258789,53453545,63.09999847412109,,
2022-11-29,64.4000015258789,64.9000015258789,63.0,63.54999923706055,63.54999923706055,32230342,63.09999847412109,,
2022-11-30,63.0,66.80000305175781,61.900001525878906,65.25,65.25,549718630,65.25,,
2022-12-01,66.5,67.1500015258789,65.4000015258789,66.6500015258789,66.6500015258789,83610566,65.25,,
2022-12-02,66.75,68.9000015258789,66.5,68.55000305175781,68.55000305175781,96262543,65.25,,
2022-12-05,68.8499984741211,69.0,65.0,65.44999694824219,65.44999694824219,85107187,65.25,,
2022-12-06,64.75,65.44999694824219,64.44999694824219,64.80000305175781,64.80000305175781,40042683,65.25,,
2022-12-07,65.0999984741211,65.4000015258789,64.0999984741211,64.44999694824219,64.44999694824219,29775697,65.25,,
2022-12-08,64.80000305175781,64.80000305175781,63.650001525878906,63.79999923706055,63.79999923706055,35341241,65.25,,
2022-12-09,64.19999694824219,64.8499984741211,63.900001525878906,64.1500015258789,64.1500015258789,36490408,65.25,,
2022-12-12,64.1500015258789,64.75,63.59999847412109,64.4000015258789,64.4000015258789,20602398,65.25,,
2022-12-13,64.80000305175781,65.19999694824219,64.3499984741211,64.5999984741211,64.5999984741211,21917723,65.25,,
2022-12-14,64.8499984741211,65.44999694824219,64.5999984741211,65.0,65.0,24599687,65.25,,
2022-12-15,64.94999694824219,65.25,63.79999923706055,64.1500015258789,64.1500015258789,19011713,65.25,,
2022-12-16,63.75,64.0,61.84999847412109,62.150001525878906,62.150001525878906,48220919,65.25,,
2022-12-19,62.400001525878906,62.79999923706055,62.0,62.150001525878906,62.150001525878906,21470297,65.25,,
2022-12-20,62.09999847412109,63.20000076293945,61.900001525878906,62.84999847412109,62.84999847412109,32487667,65.25,,
2022-12-21,63.20000076293945,63.5,60.84999847412109,61.34999847412109,61.34999847412109,39979212,65.25,,
2022-12-22,61.79999923706055,62.04999923706055,58.54999923706055,58.95000076293945,58.95000076293945,53936114,65.25,,
2022-12-23,58.29999923706055,58.34999847412109,53.20000076293945,53.650001525878906,53.650001525878906,93022114,65.25,,
2022-12-26,53.95000076293945,59.75,53.45000076293945,58.150001525878906,58.150001525878906,83571451,65.25,,
2022-12-27,59.400001525878906,60.59999847412109,58.5,58.95000076293945,58.95000076293945,54205000,65.25,,
2022-12-28,58.5,60.79999923706055,57.84999847412109,60.150001525878906,60.150001525878906,70502428,65.25,,
2022-12-29,59.5,61.54999923706055,59.0,60.84999847412109,60.84999847412109,24973807,65.25,,
2022-12-30,61.0,61.45000076293945,59.0,59.29999923706055,59.29999923706055,33251260,65.25,,
2023-01-02,60.650001525878906,60.70000076293945,59.79999923706055,60.29999923706055,60.29999923706055,18759536,59.29999923706055,,
2023-01-03,58.84999847412109,59.54999923706055,57.29999923706055,58.95000076293945,58.95000076293945,49702768,59.29999923706055,,
2023-01-04,58.400001525878906,58.70000076293945,56.0,56.34999847412109,56.34999847412109,48975781,59.29999923706055,,
2023-01-05,56.95000076293945,57.09999847412109,55.59999847412109,56.20000076293945,56.20000076293945,34448671,59.29999923706055,,
2023-01-06,56.20000076293945,56.400001525878906,54.95000076293945,55.25,55.25,30272416,59.29999923706055,,
2023-01-09,56.0,57.25,55.75,56.0,56.0,35490334,59.29999923706055,,
2023-01-10,56.0,56.150001525878906,53.79999923706055,54.70000076293945,54.70000076293945,45966335,59.29999923706055,,
2023-01-11,55.0,56.150001525878906,54.09999847412109,54.34999847412109,54.34999847412109,32626665,59.29999923706055,,
2023-01-12,54.70000076293945,55.0,52.95000076293945,53.75,53.75,38856261,59.29999923706055,,
2023-01-13,54.09999847412109,54.5,53.04999923706055,53.25,53.25,38735350,59.29999923706055,,
2023-01-16,54.0,54.29999923706055,52.5,52.70000076293945,52.70000076293945,35892303,59.29999923706055,,
2023-01-17,53.0,53.09999847412109,50.0,50.150001525878906,50.150001525878906,77122987,59.29999923706055,,
2023-01-18,50.400001525878906,51.45000076293945,48.84999847412109,51.0,51.0,84541855,59.29999923706055,,
2023-01-19,50.29999923706055,51.900001525878906,50.04999923706055,51.09999847412109,51.09999847412109,54523340,59.29999923706055,,
2023-01-20,51.400001525878906,52.25,50.54999923706055,51.45000076293945,51.45000076293945,47355757,59.29999923706055,,
2023-01-23,51.900001525878906,51.900001525878906,50.650001525878906,51.0,51.0,24658884,59.29999923706055,,
2023-01-24,51.0,52.29999923706055,50.650001525878906,52.09999847412109,52.09999847412109,47720352,59.29999923706055,,
2023-01-25,52.0,52.04999923706055,44.34999847412109,47.75,47.75,237764175,59.29999923706055,,
2023-01-27,49.0,51.79999923706055,46.70000076293945,46.95000076293945,46.95000076293945,169788452,59.29999923706055,,
2023-01-30,47.900001525878906,48.54999923706055,46.70000076293945,47.400001525878906,47.400001525878906,54376637,59.29999923706055,,
2023-01-31,48.0,50.70000076293945,46.45000076293945,49.75,49.75,95398497,49.75,,
2023-02-01,50.0,51.04999923706055,47.04999923706055,48.150001525878906,48.150001525878906,68752685,49.75,,
2023-02-02,48.400001525878906,48.900001525878906,47.150001525878906,47.5,47.5,40751688,49.75,,
2023-02-03,48.150001525878906,49.25,47.70000076293945,48.75,48.75,42497841,49.75,,
2023-02-06,48.70000076293945,49.09999847412109,47.54999923706055,47.75,47.75,35956956,49.75,,
2023-02-07,48.0,51.0,47.59999847412109,49.34999847412109,49.34999847412109,61077398,49.75,,
2023-02-08,51.20000076293945,55.29999923706055,51.09999847412109,54.29999923706055,54.29999923706055,265595807,49.75,,
2023-02-09,54.70000076293945,56.79999923706055,53.400001525878906,54.400001525878906,54.400001525878906,216398621,49.75,,
2023-02-10,52.70000076293945,54.150001525878906,50.70000076293945,53.29999923706055,53.29999923706055,176950201,49.75,,
2023-02-13,53.0,53.70000076293945,51.25,51.79999923706055,51.79999923706055,86162276,49.75,,
2023-02-14,51.79999923706055,52.5,49.900001525878906,50.34999847412109,50.34999847412109,79395202,49.75,,
2023-02-15,50.54999923706055,50.900001525878906,49.79999923706055,50.25,50.25,49655881,49.75,,
2023-02-16,50.79999923706055,51.79999923706055,50.45000076293945,51.400001525878906,51.400001525878906,48841966,49.75,,
2023-02-17,51.25,52.20000076293945,50.70000076293945,51.79999923706055,51.79999923706055,52862406,49.75,,
2023-02-20,51.900001525878906,55.04999923706055,51.75,54.59999847412109,54.59999847412109,93315254,49.75,,
2023-02-21,54.59999847412109,56.150001525878906,54.400001525878906,55.34999847412109,55.34999847412109,100106053,49.75,,
2023-02-22,54.84999847412109,55.400001525878906,52.59999847412109,52.95000076293945,52.95000076293945,75802021,49.75,,
2023-02-23,53.0,56.0,52.79999923706055,54.95000076293945,54.95000076293945,118058937,49.75,,
2023-02-24,55.5,56.75,54.0,54.45000076293945,54.45000076293945,73440699,49.75,,
2023-02-27,54.70000076293945,54.75,53.20000076293945,53.59999847412109,53.59999847412109,38735556,49.75,,
2023-02-28,53.70000076293945,54.400001525878906,53.0,53.5,53.5,45414869,53.5,,
2023-03-01,53.5,55.34999847412109,53.34999847412109,54.95000076293945,54.95000076293945,42854827,53.5,,
2023-03-02,54.75,55.20000076293945,54.34999847412109,54.54999923706055,54.54999923706055,36256148,53.5,,
2023-03-03,54.900001525878906,55.400001525878906,53.20000076293945,53.650001525878906,53.650001525878906,36943821,53.5,,
2023-03-06,54.0,54.95000076293945,53.70000076293945,53.95000076293945,53.95000076293945,33492583,53.5,,
2023-03-08,53.45000076293945,55.29999923706055,52.650001525878906,54.79999923706055,54.79999923706055,44159725,53.5,,
2023-03-09,55.09999847412109,56.34999847412109,53.900001525878906,54.04999923706055,54.04999923706055,56021946,53.5,,
2023-03-10,53.79999923706055,54.5,53.29999923706055,53.84999847412109,53.84999847412109,39226931,53.5,,
2023-03-13,53.95000076293945,54.70000076293945,51.59999847412109,51.900001525878906,51.900001525878906,52374659,53.5,,
2023-03-14,52.0,52.5,50.20000076293945,50.75,50.75,52247904,53.5,,
2023-03-15,51.5,52.20000076293945,50.54999923706055,50.75,50.75,38763143,53.5,,
2023-03-16,50.900001525878906,53.70000076293945,49.84999847412109,53.04999923706055,53.04999923706055,61237058,53.5,,
2023-03-17,53.45000076293945,55.75,53.04999923706055,54.900001525878906,54.900001525878906,112918857,53.5,,
2023-03-20,53.59999847412109,54.75,52.20000076293945,53.54999923706055,53.54999923706055,65578919,53.5,,
2023-03-21,53.84999847412109,54.150001525878906,52.650001525878906,53.0,53.0,31632951,53.5,,
2023-03-22,53.400001525878906,53.900001525878906,52.70000076293945,53.09999847412109,53.09999847412109,38444991,53.5,,
2023-03-23,52.900001525878906,53.20000076293945,52.09999847412109,52.650001525878906,52.650001525878906,32816290,53.5,,
2023-03-24,52.5,52.84999847412109,50.150001525878906,50.650001525878906,50.650001525878906,67243087,53.5,,
2023-03-27,50.70000076293945,51.29999923706055,49.25,50.09999847412109,50.09999847412109,49618132,53.5,,
2023-03-28,50.20000076293945,50.54999923706055,49.0,50.25,50.25,50426174,53.5,,
2023-03-29,50.25,51.75,49.59999847412109,51.25,51.25,41464387,53.5,,
2023-03-31,51.25,51.70000076293945,50.650001525878906,51.0,51.0,56566133,51.0,,
2023-04-03,51.5,52.150001525878906,50.900001525878906,51.95000076293945,51.95000076293945,29241512,51.0,,
2023-04-05,52.09999847412109,52.900001525878906,51.54999923706055,51.70000076293945,51.70000076293945,25497115,51.0,,
2023-04-06,51.75,52.45000076293945,51.29999923706055,52.150001525878906,52.150001525878906,19695678,51.0,,
2023-04-10,52.150001525878906,54.20000076293945,51.79999923706055,53.95000076293945,53.95000076293945,60655412,51.0,,
2023-04-11,54.650001525878906,55.25,53.25,53.95000076293945,53.95000076293945,41101417,51.0,,
2023-04-12,54.25,54.25,52.900001525878906,53.20000076293945,53.20000076293945,30848068,51.0,,
2023-04-13,53.20000076293945,54.150001525878906,52.84999847412109,53.84999847412109,53.84999847412109,26646279,51.0,,
2023-04-17,54.20000076293945,54.25,53.0,53.95000076293945,53.95000076293945,24787918,51.0,,
2023-04-18,54.04999923706055,54.20000076293945,53.04999923706055,53.29999923706055,53.29999923706055,27617603,51.0,,
2023-04-19,53.59999847412109,55.95000076293945,53.20000076293945,54.150001525878906,54.150001525878906,62022927,51.0,,
2023-04-20,54.150001525878906,54.400001525878906,53.650001525878906,54.20000076293945,54.20000076293945,23096046,51.0,,
2023-04-21,54.29999923706055,56.75,54.09999847412109,56.04999923706055,56.04999923706055,106707937,51.0,,
2023-04-24,55.5,56.400001525878906,54.70000076293945,56.0,56.0,43287483,51.0,,
2023-04-25,56.400001525878906,60.59999847412109,56.20000076293945,57.75,57.75,199056106,51.0,,
2023-04-26,58.09999847412109,59.0,57.09999847412109,58.20000076293945,58.20000076293945,59765915,51.0,,
2023-04-27,58.59999847412109,61.150001525878906,58.34999847412109,60.70000076293945,60.70000076293945,82969101,51.0,,
2023-04-28,60.79999923706055,66.0,59.54999923706055,64.9000015258789,64.9000015258789,190938290,51.0,,
2023-05-02,64.5,65.6500015258789,63.04999923706055,63.45000076293945,63.45000076293945,112758256,64.9000015258789,,
2023-05-03,63.45000076293945,64.94999694824219,63.150001525878906,63.54999923706055,63.54999923706055,65082316,64.9000015258789,,
2023-05-04,63.5,66.5999984741211,63.34999847412109,65.69999694824219,65.69999694824219,123042355,64.9000015258789,,
2023-05-05,65.5,66.69999694824219,64.25,65.4000015258789,65.4000015258789,94016138,64.9000015258789,,
2023-05-08,64.5999984741211,66.19999694824219,63.5,64.9000015258789,64.9000015258789,104940671,64.9000015258789,,
2023-05-09,64.69999694824219,64.69999694824219,60.29999923706055,60.95000076293945,60.95000076293945,127854883,64.9000015258789,,
2023-05-10,61.0,62.900001525878906,60.95000076293945,61.79999923706055,61.79999923706055,70220898,64.9000015258789,,
2023-05-11,62.59999847412109,63.5,62.0,62.400001525878906,62.400001525878906,75062855,64.9000015258789,,
2023-05-12,62.5,63.650001525878906,61.59999847412109,62.59999847412109,62.59999847412109,73164520,64.9000015258789,,
2023-05-15,62.09999847412109,64.0999984741211,61.95000076293945,63.70000076293945,63.70000076293945,55886001,64.9000015258789,,
2023-05-16,64.0,65.0,62.400001525878906,63.0,63.0,59311532,64.9000015258789,,
2023-05-17,63.0,64.05000305175781,62.25,63.34999847412109,63.34999847412109,47444527,64.9000015258789,,
2023-05-18,64.19999694824219,64.5999984741211,63.09999847412109,63.5,63.5,54301847,64.9000015258789,,
2023-05-19,63.95000076293945,65.0,63.20000076293945,64.5,64.5,73620039,64.9000015258789,,
2023-05-22,64.69999694824219,66.8499984741211,61.79999923706055,63.5,63.5,147006670,64.9000015258789,,
2023-05-23,63.04999923706055,64.0,62.54999923706055,63.20000076293945,63.20000076293945,50797759,64.9000015258789,,
2023-05-24,63.0,64.69999694824219,62.75,64.44999694824219,64.44999694824219,60476729,64.9000015258789,,
2023-05-25,64.80000305175781,68.19999694824219,64.5,67.30000305175781,67.30000305175781,139721311,64.9000015258789,,
2023-05-26,67.30000305175781,68.25,65.75,67.25,67.25,86466135,64.9000015258789,,
2023-05-29,67.80000305175781,68.4000015258789,66.5999984741211,67.0999984741211,67.0999984741211,56968141,64.9000015258789,,
2023-05-30,67.5,68.30000305175781,66.44999694824219,66.8499984741211,66.8499984741211,60699589,64.9000015258789,,
2023-05-31,67.30000305175781,70.0,66.30000305175781,69.05000305175781,69.05000305175781,251813391,69.05000305175781,,
2023-06-01,68.69999694824219,68.80000305175781,67.5999984741211,67.94999694824219,67.94999694824219,57846081,69.05000305175781,,
2023-06-02,70.0,73.19999694824219,69.5,71.1500015258789,71.1500015258789,170769117,69.05000305175781,,
2023-06-05,71.30000305175781,72.1500015258789,69.5999984741211,71.25,71.25,84075166,69.05000305175781,,
2023-06-06,71.55000305175781,73.1500015258789,71.3499984741211,72.3499984741211,72.3499984741211,64762959,69.05000305175781,,
2023-06-07,72.5,75.0,72.4000015258789,74.5,74.5,67871844,69.05000305175781,,
2023-06-08,74.80000305175781,76.3499984741211,73.69999694824219,75.80000305175781,75.80000305175781,88006842,69.05000305175781,,
2023-06-09,77.05000305175781,78.0,75.8499984741211,77.5999984741211,77.5999984741211,77276802,69.05000305175781,,
2023-06-12,78.30000305175781,80.30000305175781,76.5,77.94999694824219,77.94999694824219,105388190,69.05000305175781,,
2023-06-13,77.9000015258789,78.80000305175781,76.69999694824219,78.30000305175781,78.30000305175781,81857154,69.05000305175781,,
2023-06-14,78.30000305175781,78.44999694824219,73.25,74.0999984741211,74.0999984741211,83186945,69.05000305175781,,
2023-06-15,74.5,76.0999984741211,73.0999984741211,75.0999984741211,75.0999984741211,93321136,69.05000305175781,,
2023-06-16,75.55000305175781,76.0,73.9000015258789,74.44999694824219,74.44999694824219,45783616,69.05000305175781,,
2023-06-19,74.5999984741211,77.0,74.0999984741211,75.8499984741211,75.8499984741211,62744981,69.05000305175781,,
2023-06-20,76.0,76.4000015258789,74.80000305175781,75.8499984741211,75.8499984741211,30591595,69.05000305175781,,
2023-06-21,76.0999984741211,77.3499984741211,74.6500015258789,75.0999984741211,75.0999984741211,31896510,69.05000305175781,,
2023-06-22,75.5,75.8499984741211,73.6500015258789,74.3499984741211,74.3499984741211,40419764,69.05000305175781,,
2023-06-23,73.9000015258789,75.30000305175781,72.55000305175781,74.1500015258789,74.1500015258789,51775728,69.05000305175781,,
2023-06-26,74.1500015258789,75.25,73.80000305175781,74.8499984741211,74.8499984741211,30411621,69.05000305175781,,
2023-06-27,75.1500015258789,76.94999694824219,74.8499984741211,76.1500015258789,76.1500015258789,59078137,69.05000305175781,,
2023-06-28,77.0,77.0,74.5999984741211,74.9000015258789,74.9000015258789,30574521,69.05000305175781,,
2023-06-30,75.0,75.44999694824219,74.0,75.05000305175781,75.05000305175781,49245376,75.05000305175781,,
2023-07-03,75.44999694824219,77.25,74.55000305175781,75.6500015258789,75.6500015258789,49243205,75.05000305175781,,
2023-07-04,75.80000305175781,76.19999694824219,74.5,74.80000305175781,74.80000305175781,24150257,75.05000305175781,,
2023-07-05,74.8499984741211,75.0999984741211,73.69999694824219,74.05000305175781,74.05000305175781,25459694,75.05000305175781,,
2023-07-06,74.44999694824219,75.25,74.30000305175781,74.75,74.75,24467816,75.05000305175781,,
2023-07-07,74.80000305175781,74.9000015258789,73.0,73.25,73.25,26599778,75.05000305175781,,
2023-07-10,73.44999694824219,75.55000305175781,73.4000015258789,74.80000305175781,74.80000305175781,33812208,75.05000305175781,,
2023-07-11,75.05000305175781,77.0,74.9000015258789,76.80000305175781,76.80000305175781,42946892,75.05000305175781,,
2023-07-12,77.5,78.80000305175781,77.1500015258789,77.5,77.5,64212629,75.05000305175781,,
2023-07-13,77.8499984741211,84.5,77.6500015258789,82.19999694824219,82.19999694824219,192605002,75.05000305175781,,
2023-07-14,84.0,85.25,81.6500015258789,82.55000305175781,82.55000305175781,91571303,75.05000305175781,,
2023-07-17,83.19999694824219,83.4000015258789,79.5,80.1500015258789,80.1500015258789,43377345,75.05000305175781,,
2023-07-18,80.6500015258789,80.6500015258789,76.5,78.69999694824219,78.69999694824219,71215775,75.05000305175781,,
2023-07-19,79.0,80.3499984741211,77.25,77.6500015258789,77.6500015258789,42130927,75.05000305175781,,
2023-07-20,78.05000305175781,79.0999984741211,77.30000305175781,77.5999984741211,77.5999984741211,40495235,75.05000305175781,,
2023-07-21,77.8499984741211,80.69999694824219,77.4000015258789,80.30000305175781,80.30000305175781,74991213,75.05000305175781,,
2023-07-24,80.80000305175781,82.44999694824219,80.55000305175781,81.30000305175781,81.30000305175781,64291285,75.05000305175781,,
2023-07-25,81.30000305175781,83.19999694824219,79.30000305175781,82.6500015258789,82.6500015258789,72459586,75.05000305175781,,
2023-07-26,83.0999984741211,84.5999984741211,82.5,83.3499984741211,83.3499984741211,59291226,75.05000305175781,,
2023-07-27,83.3499984741211,86.0999984741211,82.80000305175781,84.94999694824219,84.94999694824219,77249384,75.05000305175781,,
2023-07-28,85.5999984741211,87.25,83.8499984741211,86.80000305175781,86.80000305175781,74798625,75.05000305175781,,
2023-07-31,87.0,87.1500015258789,83.69999694824219,84.0999984741211,84.0999984741211,49093355,84.0999984741211,,
2023-08-01,84.5999984741211,85.69999694824219,84.19999694824219,84.75,84.75,34950470,84.0999984741211,,
2023-08-02,84.44999694824219,85.94999694824219,82.6500015258789,85.05000305175781,85.05000305175781,54844625,84.0999984741211,,
2023-08-03,81.5999984741211,88.4000015258789,81.5999984741211,86.55000305175781,86.55000305175781,123480816,84.0999984741211,,
2023-08-04,89.0,98.4000015258789,88.4000015258789,95.4000015258789,95.4000015258789,405751648,84.0999984741211,,
2023-08-07,97.4000015258789,102.8499984741211,96.3499984741211,97.5999984741211,97.5999984741211,249331637,84.0999984741211,,
2023-08-08,98.3499984741211,100.3000030517578,92.6999969482422,93.4499969482422,93.4499969482422,160236123,84.0999984741211,,
2023-08-09,93.9000015258789,94.8499984741211,91.5999984741211,94.0999984741211,94.0999984741211,109240947,84.0999984741211,,
2023-08-10,94.0999984741211,96.1500015258789,93.25,94.25,94.25,87598556,84.0999984741211,,
2023-08-11,94.5999984741211,95.1999969482422,93.0500030517578,93.4499969482422,93.4499969482422,38156809,84.0999984741211,,
2023-08-14,93.4000015258789,93.4000015258789,91.3499984741211,92.75,92.75,46668447,84.0999984741211,,
2023-08-16,92.4499969482422,95.5999984741211,91.5,91.9000015258789,91.9000015258789,76333138,84.0999984741211,,
2023-08-17,92.3000030517578,93.25,90.5,91.1500015258789,91.1500015258789,45657095,84.0999984741211,,
2023-08-18,91.0,91.4000015258789,89.0,89.3499984741211,89.3499984741211,50513070,84.0999984741211,,
2023-08-21,90.5,90.5,88.30000305175781,89.75,89.75,36755760,84.0999984741211,,
2023-08-22,90.3000030517578,94.3000030517578,90.0999984741211,91.9000015258789,91.9000015258789,104409241,84.0999984741211,,
2023-08-23,92.9499969482422,95.0,92.0500030517578,94.3000030517578,94.3000030517578,64768237,84.0999984741211,,
2023-08-24,95.75,95.75,93.1999969482422,93.8000030517578,93.8000030517578,47597101,84.0999984741211,,
2023-08-25,93.3499984741211,93.3499984741211,90.05000305175781,91.0,91.0,65076321,84.0999984741211,,
2023-08-28,96.0,96.0999984741211,91.75,92.3499984741211,92.3499984741211,141118441,84.0999984741211,,
2023-08-29,92.75,95.0,92.5999984741211,94.6999969482422,94.6999969482422,86708316,84.0999984741211,,
2023-08-30,99.5,100.5,97.1999969482422,99.8000030517578,99.8000030517578,250111714,84.0999984741211,,
2023-08-31,100.0500030517578,100.8000030517578,96.6999969482422,97.5999984741211,97.5999984741211,113063640,97.5999984741211,,
2023-09-01,98.3000030517578,98.3499984741211,96.8499984741211,97.1999969482422,97.1999969482422,47561928,97.5999984741211,,
2023-09-04,97.5,98.5999984741211,97.3000030517578,98.0500030517578,98.0500030517578,37447917,97.5999984741211,,
2023-09-05,98.1500015258789,99.3000030517578,97.0500030517578,98.1999969482422,98.1999969482422,51133944,97.5999984741211,,
2023-09-06,98.4000015258789,98.8499984741211,97.6500015258789,98.1999969482422,98.1999969482422,28329667,97.5999984741211,,
2023-09-07,98.6500015258789,101.5999984741211,98.1999969482422,100.0500030517578,100.0500030517578,111222776,97.5999984741211,,
2023-09-08,100.75,101.0999984741211,99.0,99.5999984741211,99.5999984741211,63482366,97.5999984741211,,
2023-09-11,100.0,102.5500030517578,99.1999969482422,101.3499984741211,101.3499984741211,83850675,97.5999984741211,,
2023-09-12,102.4000015258789,102.5,96.5,98.75,98.75,90911794,97.5999984741211,,
2023-09-13,98.75,100.75,97.0,97.9000015258789,97.9000015258789,71661116,97.5999984741211,,
2023-09-14,98.6500015258789,100.0999984741211,98.1999969482422,99.4499969482422,99.4499969482422,45226055,97.5999984741211,,
2023-09-15,100.5,104.4499969482422,100.3499984741211,102.9499969482422,102.9499969482422,148853172,97.5999984741211,,
2023-09-18,103.5999984741211,105.0,101.6500015258789,102.1500015258789,102.1500015258789,69476642,97.5999984741211,,
2023-09-20,101.3000030517578,104.9000015258789,99.3000030517578,100.0,100.0,104115507,97.5999984741211,,
2023-09-21,100.0,100.9499969482422,98.25,99.1500015258789,99.1500015258789,40591612,97.5999984741211,,
2023-09-22,99.5,101.4000015258789,98.6999969482422,99.9000015258789,99.9000015258789,39492725,97.5999984741211,,
2023-09-25,100.3000030517578,100.5,97.75,98.4499969482422,98.4499969482422,34410972,97.5999984741211,,
2023-09-26,98.5999984741211,100.4000015258789,97.9000015258789,99.9000015258789,99.9000015258789,36822528,97.5999984741211,,
2023-09-27,99.9000015258789,101.1999969482422,98.5,100.0999984741211,100.0999984741211,34894254,97.5999984741211,,
2023-09-28,100.3499984741211,100.5999984741211,99.3000030517578,99.9499969482422,99.9499969482422,25885383,97.5999984741211,,
2023-09-29,100.0500030517578,102.75,99.5999984741211,101.5,101.5,49524816,97.5999984741211,,
2023-10-03,101.0,105.9000015258789,100.0,105.3000030517578,105.3000030517578,82983688,101.5,,
2023-10-04,104.4000015258789,104.4000015258789,100.3499984741211,100.75,100.75,68727969,101.5,,
2023-10-05,102.5999984741211,107.6999969482422,102.3499984741211,105.4000015258789,105.4000015258789,140096809,101.5,,
2023-10-06,106.4000015258789,107.1999969482422,104.0,104.4499969482422,104.4499969482422,65041435,101.5,,
2023-10-09,103.8000030517578,105.25,101.0,103.9000015258789,103.9000015258789,53811658,101.5,,
2023-10-10,104.9000015258789,107.9499969482422,104.6500015258789,106.0500030517578,106.0500030517578,67712329,101.5,,
2023-10-11,106.8000030517578,109.8000030517578,106.5500030517578,109.0,109.0,93838782,101.5,,
2023-10-12,110.1999969482422,113.25,109.5,109.8499984741211,109.8499984741211,117710894,101.5,,
2023-10-13,109.8499984741211,111.8000030517578,109.0999984741211,111.0,111.0,55786063,101.5,,
2023-10-16,111.9000015258789,112.75,110.8499984741211,111.5,111.5,47455521,101.5,,
2023-10-17,112.5,114.1999969482422,111.5,113.8499984741211,113.8499984741211,55351894,101.5,,
2023-10-18,114.5,115.0999984741211,109.5,113.1999969482422,113.1999969482422,100553806,101.5,,
2023-10-19,112.0,113.1500015258789,110.6500015258789,111.6500015258789,111.6500015258789,43517012,101.5,,
2023-10-20,114.0,114.5,112.1500015258789,113.3499984741211,113.3499984741211,64427436,101.5,,
2023-10-23,113.8000030517578,113.9000015258789,106.8000030517578,108.9000015258789,108.9000015258789,70944550,101.5,,
2023-10-25,105.6500015258789,109.5,105.5500030517578,108.25,108.25,59685089,101.5,,
2023-10-26,107.5,108.0,101.25,106.4499969482422,106.4499969482422,108605538,101.5,,
2023-10-27,107.3499984741211,109.25,105.0500030517578,105.6500015258789,105.6500015258789,43738547,101.5,,
2023-10-30,106.1999969482422,108.5999984741211,105.6999969482422,107.6999969482422,107.6999969482422,48282252,101.5,,
2023-10-31,107.8499984741211,108.1500015258789,104.25,105.0999984741211,105.0999984741211,49382539,105.0999984741211,,
2023-11-01,105.5999984741211,107.1500015258789,103.25,103.6999969482422,103.6999969482422,47911258,105.0999984741211,,
2023-11-02,105.0,108.0,104.9000015258789,107.5500030517578,107.5500030517578,47086204,105.0999984741211,,
2023-11-03,108.8000030517578,119.9000015258789,108.6999969482422,116.5,116.5,238833377,105.0999984741211,,
2023-11-06,119.5999984741211,123.9000015258789,118.25,123.3000030517578,123.3000030517578,186288904,105.0999984741211,,
2023-11-07,123.5500030517578,126.3499984741211,120.5,121.3000030517578,121.3000030517578,120886007,105.0999984741211,,
2023-11-08,122.0,125.6999969482422,121.3000030517578,125.1500015258789,125.1500015258789,75041688,105.0999984741211,,
2023-11-09,125.25,125.5500030517578,121.3499984741211,121.8499984741211,121.8499984741211,50307832,105.0999984741211,,
2023-11-10,122.0,123.3000030517578,120.6999969482422,121.3000030517578,121.3000030517578,43388163,105.0999984741211,,
2023-11-13,122.6500015258789,123.0999984741211,121.5,122.1999969482422,122.1999969482422,28348143,105.0999984741211,,
2023-11-15,123.3000030517578,125.1999969482422,119.75,120.25,120.25,60088818,105.0999984741211,,
2023-11-16,120.9000015258789,122.5500030517578,120.6999969482422,121.8499984741211,121.8499984741211,36895083,105.0999984741211,,
2023-11-17,122.0,125.0,121.5,122.1999969482422,122.1999969482422,43882213,105.0999984741211,,
2023-11-20,122.8499984741211,123.4000015258789,117.3499984741211,118.1500015258789,118.1500015258789,52784478,105.0999984741211,,
2023-11-21,118.5500030517578,119.0,116.0500030517578,116.5,116.5,45193553,105.0999984741211,,
2023-11-22,116.0,117.8000030517578,114.3499984741211,115.3000030517578,115.3000030517578,52799865,105.0999984741211,,
2023-11-23,113.5999984741211,115.75,112.5,112.9499969482422,112.9499969482422,56329090,105.0999984741211,,
2023-11-24,114.1500015258789,116.0,112.9000015258789,113.25,113.25,49980086,105.0999984741211,,
2023-11-28,114.9000015258789,116.9000015258789,113.5,113.8000030517578,113.8000030517578,61963724,105.0999984741211,,
2023-11-29,117.0,119.1999969482422,114.0,116.5999984741211,116.5999984741211,115274058,105.0999984741211,,
2023-11-30,118.8000030517578,120.6999969482422,116.1500015258789,118.5500030517578,118.5500030517578,225208168,118.5500030517578,,
2023-12-01,118.0,118.3499984741211,115.0999984741211,116.3000030517578,116.3000030517578,57261076,118.5500030517578,,
2023-12-04,118.75,119.0,116.25,117.4000015258789,117.4000015258789,66057180,118.5500030517578,,
2023-12-05,117.9000015258789,118.25,116.25,116.75,116.75,57483305,118.5500030517578,,
2023-12-06,117.1500015258789,119.6999969482422,116.5999984741211,118.9000015258789,118.9000015258789,48171753,118.5500030517578,,
2023-12-07,119.5999984741211,122.1999969482422,118.4000015258789,121.6999969482422,121.6999969482422,52483562,118.5500030517578,,
2023-12-08,123.0,123.9000015258789,119.3000030517578,119.9499969482422,119.9499969482422,44213196,118.5500030517578,,
2023-12-11,119.9499969482422,120.5,117.5500030517578,118.4499969482422,118.4499969482422,32372287,118.5500030517578,,
2023-12-12,119.0,119.3000030517578,114.1500015258789,116.75,116.75,40800538,118.5500030517578,,
2023-12-13,116.9000015258789,120.5,116.1500015258789,120.0,120.0,48092329,118.5500030517578,,
2023-12-14,121.0,124.9499969482422,120.5,124.1500015258789,124.1500015258789,74178495,118.5500030517578,,
2023-12-15,124.5,125.0,122.4000015258789,123.5999984741211,123.5999984741211,39542770,118.5500030517578,,
2023-12-18,123.4000015258789,129.1999969482422,121.5500030517578,128.5500030517578,128.5500030517578,89553155,118.5500030517578,,
2023-12-19,129.0,131.75,127.4000015258789,130.25,130.25,64117314,118.5500030517578,,
2023-12-20,130.35000610351562,131.0,123.1500015258789,124.75,124.75,49006056,118.5500030517578,,
2023-12-21,122.1500015258789,128.6999969482422,120.1999969482422,127.3499984741211,127.3499984741211,52326124,118.5500030517578,,
2023-12-22,130.5500030517578,131.0,125.3000030517578,128.5,128.5,63113800,118.5500030517578,,
2023-12-26,128.5,128.6999969482422,124.3000030517578,125.0,125.0,25499782,118.5500030517578,,
2023-12-27,125.6999969482422,127.5999984741211,125.5500030517578,127.0500030517578,127.0500030517578,21757560,118.5500030517578,,
2023-12-28,124.9000015258789,125.5,120.5999984741211,123.1999969482422,123.1999969482422,72865479,118.5500030517578,,
2023-12-29,124.0,125.5500030517578,123.25,123.6999969482422,123.6999969482422,27512604,118.5500030517578,,
2024-01-01,124.4499969482422,125.5999984741211,122.8499984741211,124.5,124.5,24228685,123.6999969482422,,
2024-01-02,127.0,129.4499969482422,125.5,128.6999969482422,128.6999969482422,69395959,123.6999969482422,,
2024-01-03,128.8000030517578,130.25,127.0999984741211,127.5500030517578,127.5500030517578,39101172,123.6999969482422,,
2024-01-04,128.39999389648438,130.89999389648438,126.4499969482422,129.75,129.75,45285624,123.6999969482422,,
2024-01-05,130.89999389648438,134.35000610351562,128.9499969482422,133.3000030517578,133.3000030517578,55608923,123.6999969482422,,
2024-01-08,133.64999389648438,133.64999389648438,130.0,132.85000610351562,132.85000610351562,38912423,123.6999969482422,,
2024-01-09,133.1999969482422,135.0,132.60000610351562,134.3000030517578,134.3000030517578,33803263,123.6999969482422,,
2024-01-10,134.25,136.14999389648438,132.25,134.64999389648438,134.64999389648438,29917881,123.6999969482422,,
2024-01-11,135.3000030517578,139.0,135.0500030517578,138.35000610351562,138.35000610351562,41809415,123.6999969482422,,
2024-01-12,140.0,141.5,136.8000030517578,139.5500030517578,139.5500030517578,45508277,123.6999969482422,,
2024-01-15,139.5500030517578,139.5500030517578,139.5500030517578,139.5500030517578,139.5500030517578,0,123.6999969482422,,
2024-01-16,135.0,135.3000030517578,131.0,133.5500030517578,133.5500030517578,47043428,123.6999969482422,,
2024-01-17,132.39999389648438,132.39999389648438,126.75,127.4000015258789,127.4000015258789,76780526,123.6999969482422,,
2024-01-18,128.0500030517578,129.8000030517578,121.5999984741211,129.4499969482422,129.4499969482422,111946831,123.6999969482422,,
2024-01-19,130.5,135.5,128.0,135.0500030517578,135.0500030517578,81155018,123.6999969482422,,
2024-01-23,136.3000030517578,137.3000030517578,127.0,130.10000610351562,130.10000610351562,72520625,123.6999969482422,,
2024-01-24,131.4499969482422,136.89999389648438,129.8000030517578,136.1999969482422,136.1999969482422,54612769,123.6999969482422,,
2024-01-25,135.89999389648438,138.1999969482422,132.8000030517578,136.14999389648438,136.14999389648438,60682540,123.6999969482422,,
2024-01-29,136.89999389648438,137.6999969482422,132.35000610351562,135.5500030517578,135.5500030517578,55871017,123.6999969482422,,
2024-01-30,135.85000610351562,138.8000030517578,134.64999389648438,137.1999969482422,137.1999969482422,57612020,123.6999969482422,,
2024-01-31,140.0,142.0,138.0,139.5500030517578,139.5500030517578,89833027,139.5500030517578,,
2024-02-01,141.0,143.5,138.5500030517578,140.5500030517578,140.5500030517578,70252449,139.5500030517578,,
2024-02-02,141.8000030517578,145.0,141.4499969482422,143.8000030517578,143.8000030517578,78666454,139.5500030517578,,
2024-02-05,145.0,145.39999389648438,138.25,140.25,140.25,54189688,139.5500030517578,,
2024-02-06,140.39999389648438,141.8000030517578,138.0500030517578,139.9499969482422,139.9499969482422,46782951,139.5500030517578,,
2024-02-07,141.0,142.89999389648438,139.64999389648438,140.39999389648438,140.39999389648438,75083259,139.5500030517578,,
2024-02-08,142.5,147.5,139.0,144.10000610351562,144.10000610351562,184839649,139.5500030517578,,
2024-02-09,146.89999389648438,151.39999389648438,142.25,149.4499969482422,149.4499969482422,257918995,139.5500030517578,,
2024-02-12,151.0,158.8000030517578,149.5,153.8000030517578,153.8000030517578,155848102,139.5500030517578,,
2024-02-13,154.35000610351562,157.89999389648438,149.0,154.75,154.75,79935680,139.5500030517578,,
2024-02-14,152.9499969482422,153.75,150.10000610351562,152.25,152.25,38221083,139.5500030517578,,
2024-02-15,157.0,159.1999969482422,154.0,154.85000610351562,154.85000610351562,77367585,139.5500030517578,,
2024-02-16,156.89999389648438,160.0,155.35000610351562,156.6999969482422,156.6999969482422,61209337,139.5500030517578,,
2024-02-19,157.4499969482422,160.4499969482422,155.60000610351562,157.5,157.5,60218202,139.5500030517578,,
2024-02-20,159.6999969482422,163.8000030517578,158.6999969482422,161.0500030517578,161.0500030517578,85356675,139.5500030517578,,
2024-02-21,162.3000030517578,167.8000030517578,157.60000610351562,158.64999389648438,158.64999389648438,91140945,139.5500030517578,,
2024-02-22,159.5500030517578,163.0,156.60000610351562,162.10000610351562,162.10000610351562,67614848,139.5500030517578,,
2024-02-23,162.39999389648438,164.8000030517578,160.8000030517578,164.0500030517578,164.0500030517578,37200710,139.5500030517578,,
2024-02-26,165.1999969482422,168.5,163.14999389648438,164.1999969482422,164.1999969482422,33433566,139.5500030517578,,
2024-02-27,163.75,163.85000610351562,158.0,161.3000030517578,161.3000030517578,29921497,139.5500030517578,,
2024-02-28,161.89999389648438,161.9499969482422,155.35000610351562,159.35000610351562,159.35000610351562,41883110,139.5500030517578,,
2024-02-29,156.4499969482422,168.85000610351562,155.4499969482422,165.4499969482422,165.4499969482422,175785440,165.4499969482422,,
2024-03-01,168.0,173.5,165.60000610351562,166.5,166.5,42587331,165.4499969482422,,
2024-03-04,168.0,175.60000610351562,168.0,169.8000030517578,169.8000030517578,55751426,165.4499969482422,,
2024-03-05,170.75,171.5,164.0500030517578,165.85000610351562,165.85000610351562,29313864,165.4499969482422,,
2024-03-06,164.39999389648438,164.39999389648438,157.5,161.5500030517578,161.5500030517578,95621548,165.4499969482422,,
2024-03-07,161.75,163.4499969482422,158.64999389648438,160.0,160.0,43685238,165.4499969482422,,
2024-03-11,161.0,163.1999969482422,149.0,154.85000610351562,154.85000610351562,51519591,165.4499969482422,,
2024-03-12,156.60000610351562,157.89999389648438,152.14999389648438,156.89999389648438,156.89999389648438,31159766,165.4499969482422,,
2024-03-13,157.4499969482422,158.25,147.5,148.64999389648438,148.64999389648438,53202095,165.4499969482422,,
2024-03-14,147.10000610351562,157.3000030517578,144.3000030517578,152.75,152.75,45708365,165.4499969482422,,
2024-03-15,152.85000610351562,161.6999969482422,152.4499969482422,160.0500030517578,160.0500030517578,95085427,165.4499969482422,,
2024-03-18,162.5,164.4499969482422,157.25,158.25,158.25,35382756,165.4499969482422,,
2024-03-19,158.60000610351562,161.4499969482422,156.5,157.9499969482422,157.9499969482422,24847687,165.4499969482422,,
2024-03-20,159.4499969482422,166.6999969482422,159.0,165.60000610351562,165.60000610351562,45544054,165.4499969482422,,
2024-03-21,168.0,171.0,166.39999389648438,169.64999389648438,169.64999389648438,42227967,165.4499969482422,,
2024-03-22,170.4499969482422,174.89999389648438,169.0500030517578,174.1999969482422,174.1999969482422,41776494,165.4499969482422,,
2024-03-26,173.39999389648438,183.6499938964844,172.1999969482422,182.6000061035156,182.6000061035156,64590292,165.4499969482422,,
2024-03-27,183.6000061035156,189.0,177.1999969482422,179.4499969482422,179.4499969482422,50528769,165.4499969482422,,
2024-03-28,179.8000030517578,184.6999969482422,176.0,182.1000061035156,182.1000061035156,42567446,165.4499969482422,,
2024-04-01,183.8999938964844,188.1999969482422,182.75,184.5,184.5,20789208,182.1000061035156,,
2024-04-02,185.0,185.0,180.75,183.1000061035156,183.1000061035156,36346394,182.1000061035156,,
2024-04-03,181.9499969482422,182.0,177.85000610351562,178.3000030517578,178.3000030517578,24268721,182.1000061035156,,
2024-04-04,180.5,188.1499938964844,180.25,187.0,187.0,52772054,182.1000061035156,,
2024-04-05,188.25,191.8000030517578,187.25,190.5,190.5,35235139,182.1000061035156,,
2024-04-08,191.6000061035156,194.0,190.5500030517578,191.8000030517578,191.8000030517578,23092887,182.1000061035156,,
2024-04-09,192.5500030517578,195.5,188.75,193.6999969482422,193.6999969482422,30824719,182.1000061035156,,
2024-04-10,195.0,199.6000061035156,194.0500030517578,196.8999938964844,196.8999938964844,35141522,182.1000061035156,,
2024-04-12,195.8500061035156,199.6999969482422,190.5,192.1000061035156,192.1000061035156,56543869,182.1000061035156,,
2024-04-15,188.0,192.3999938964844,184.5,188.3000030517578,188.3000030517578,48456568,182.1000061035156,,
2024-04-16,187.0,189.3000030517578,183.8999938964844,186.4499969482422,186.4499969482422,43273463,182.1000061035156,,
2024-04-18,188.5,189.25,183.0,185.1999969482422,185.1999969482422,35346377,182.1000061035156,,
2024-04-19,182.3000030517578,191.0,181.3999938964844,189.1999969482422,189.1999969482422,34112204,182.1000061035156,,
2024-04-22,193.0,197.6999969482422,190.8000030517578,193.3500061035156,193.3500061035156,28792292,182.1000061035156,,
2024-04-23,194.3999938964844,194.5,186.6000061035156,187.4499969482422,187.4499969482422,35740731,182.1000061035156,,
2024-04-24,189.0,189.1000061035156,183.1499938964844,184.3999938964844,184.3999938964844,32622315,182.1000061035156,,
2024-04-25,184.0,188.8999938964844,182.5,184.6999969482422,184.6999969482422,38839521,182.1000061035156,,
2024-04-26,189.0,190.4499969482422,186.3500061035156,188.1000061035156,188.1000061035156,33778145,182.1000061035156,,
2024-04-29,189.3999938964844,194.3000030517578,186.4499969482422,193.6000061035156,193.6000061035156,33415230,182.1000061035156,,
2024-04-30,195.0,196.9499969482422,192.1999969482422,193.1499938964844,193.1499938964844,39383265,193.1499938964844,,
2024-05-02,193.6000061035156,195.9499969482422,192.75,195.4499969482422,195.4499969482422,27391448,193.1499938964844,,
2024-05-03,196.8000030517578,200.3500061035156,193.1000061035156,197.25,197.25,37882274,193.1499938964844,,
2024-05-06,199.0,202.0,194.5,195.6999969482422,195.6999969482422,26394239,193.1499938964844,,
2024-05-07,196.1499938964844,196.3500061035156,182.3500061035156,191.4499969482422,191.4499969482422,48161265,193.1499938964844,,
2024-05-08,190.6499938964844,196.0,187.3000030517578,195.4499969482422,195.4499969482422,47941406,193.1499938964844,,
2024-05-09,195.0,199.6999969482422,193.1000061035156,195.25,195.25,47274769,193.1499938964844,,
2024-05-10,196.3500061035156,205.0,189.8999938964844,201.3000030517578,201.3000030517578,52717901,193.1499938964844,,
2024-05-13,205.8000030517578,207.1999969482422,186.75,194.3000030517578,194.3000030517578,114135952,193.1499938964844,,
2024-05-14,191.6999969482422,193.4499969482422,182.1000061035156,187.3000030517578,187.3000030517578,110070781,193.1499938964844,,
2024-05-15,188.8000030517578,193.3999938964844,183.1499938964844,192.0,192.0,44772997,193.1499938964844,,
2024-05-16,192.8999938964844,195.8500061035156,189.0,195.1999969482422,195.1999969482422,35478593,193.1499938964844,,
2024-05-17,195.1499938964844,196.0,193.1000061035156,194.8500061035156,194.8500061035156,20841351,193.1499938964844,,
2024-05-21,194.3999938964844,196.5,188.75,189.1000061035156,189.1000061035156,33453174,193.1499938964844,,
2024-05-22,190.0,190.0,183.3500061035156,185.5,185.5,40374419,193.1499938964844,,
2024-05-23,186.5,189.3999938964844,184.5,186.8000030517578,186.8000030517578,20931137,193.1499938964844,,
2024-05-24,188.0,188.0,179.10000610351562,182.8999938964844,182.8999938964844,37064093,193.1499938964844,,
2024-05-27,183.8999938964844,185.4499969482422,178.39999389648438,183.6499938964844,183.6499938964844,47652253,193.1499938964844,,
2024-05-28,184.3500061035156,184.8000030517578,180.3999938964844,181.6000061035156,181.6000061035156,34444521,193.1499938964844,,
2024-05-29,180.5500030517578,185.3999938964844,180.0,183.3500061035156,183.3500061035156,30888209,193.1499938964844,,
2024-05-30,183.0,185.0,179.0,180.6000061035156,180.6000061035156,33684173,193.1499938964844,,
2024-05-31,178.8000030517578,183.1499938964844,171.25,179.14999389648438,179.14999389648438,149283415,179.14999389648438,,
2024-06-03,184.5,185.5,175.0,175.4499969482422,175.4499969482422,53437123,179.14999389648438,,
2024-06-04,176.5,176.5,146.3000030517578,172.0,172.0,75272859,179.14999389648438,,
2024-06-05,175.0,185.3000030517578,166.75,183.8000030517578,183.8000030517578,57213537,179.14999389648438,,
2024-06-06,185.0,185.8000030517578,182.5,183.6499938964844,183.6499938964844,20887553,179.14999389648438,,
2024-06-07,182.5,187.0,180.6999969482422,184.0,184.0,33175407,179.14999389648438,,
2024-06-10,184.0,186.5,181.55999755859372,182.16000366210935,182.16000366210935,33163473,179.14999389648438,,
2024-06-11,182.6000061035156,186.0,180.10000610351562,184.0200042724609,184.0200042724609,41803815,179.14999389648438,,
2024-06-12,184.38999938964844,184.8800048828125,179.3300018310547,179.64999389648438,179.64999389648438,42830411,179.14999389648438,,
2024-06-13,183.8000030517578,185.8000030517578,180.1499938964844,184.94000244140625,184.94000244140625,47891484,179.14999389648438,,
2024-06-14,185.6999969482422,186.6000061035156,184.0500030517578,186.2400054931641,186.2400054931641,29823712,179.14999389648438,,
2024-06-18,187.5,189.1000061035156,184.8000030517578,188.6100006103516,188.6100006103516,40633379,179.14999389648438,,
2024-06-19,190.0,201.0,189.55999755859372,198.4900054931641,198.4900054931641,112274897,179.14999389648438,,
2024-06-20,199.9900054931641,201.8000030517578,195.0,197.0500030517578,197.0500030517578,44395214,179.14999389648438,,
2024-06-21,197.8999938964844,199.9499969482422,193.0500030517578,193.9499969482422,193.9499969482422,37841138,179.14999389648438,,
2024-06-24,193.8999938964844,199.8000030517578,191.9499969482422,198.9199981689453,198.9199981689453,34201378,179.14999389648438,,
2024-06-25,201.75,204.6999969482422,200.0,202.2700042724609,202.2700042724609,60670560,179.14999389648438,,
2024-06-26,202.55999755859372,203.47999572753903,196.0,197.25,197.25,38934432,179.14999389648438,,
2024-06-27,198.1999969482422,201.5,196.0,200.1499938964844,200.1499938964844,32535933,179.14999389648438,,
2024-06-28,201.3000030517578,203.9199981689453,199.1000061035156,200.55999755859372,200.55999755859372,37287397,179.14999389648438,,
2024-07-01,199.7100067138672,204.5,194.55999755859372,203.97000122070312,203.97000122070312,53536850,200.55999755859372,,
2024-07-02,204.0,209.83999633789065,202.25,209.08999633789065,209.08999633789065,65698266,200.55999755859372,,
2024-07-03,209.4499969482422,213.9499969482422,205.3300018310547,208.44000244140625,208.44000244140625,61479249,200.55999755859372,,
2024-07-04,208.38999938964844,210.2899932861328,206.6999969482422,207.44000244140625,207.44000244140625,30004307,200.55999755859372,,
2024-07-05,207.0,208.3999938964844,204.7700042724609,207.57000732421875,207.57000732421875,29681228,200.55999755859372,,0.0
